project_id,submitted_budget,predicted_expected_budget,deviation_pct,B_score,S_score,C_score,I_score,feasibility_score,feasibility_label
PRJ_NGO_00002_7,11541600.00,11721805.00,1.54,90.00,91.25,98.43,60.00,87.50,High
PRJ_NGO_00002_6,22570900.00,21519872.00,4.88,100.00,100.00,92.13,85.50,96.25,Very High
PRJ_NGO_00002_5,28952000.00,27830558.00,4.03,85.00,100.00,96.18,87.00,91.29,Very High
PRJ_NGO_00002_4,8741000.00,7908098.50,10.53,100.00,100.00,100.00,94.50,99.17,Very High
PRJ_NGO_00002_3,7975800.00,7993585.50,0.22,100.00,100.00,100.00,96.00,99.40,Very High
PRJ_NGO_00002_2,7345100.00,6850772.50,7.22,76.23,100.00,99.74,100.00,90.44,Very High
PRJ_NGO_00002_1,12555900.00,10305245.00,21.84,86.32,100.00,67.06,100.00,87.94,High
PRJ_NGO_00003_6,2536200.00,2174480.25,16.63,96.73,96.50,100.00,62.00,92.12,Very High
PRJ_NGO_00003_5,8697100.00,8957469.00,2.91,90.00,91.63,90.06,81.50,89.14,High
PRJ_NGO_00003_4,10431600.00,9899171.00,5.38,100.00,100.00,100.00,90.00,98.50,Very High
PRJ_NGO_00003_3,12260900.00,12188420.00,0.59,90.00,100.00,95.51,97.50,94.73,Very High
PRJ_NGO_00003_2,5035000.00,5009132.50,0.52,88.30,100.00,100.00,99.00,95.17,Very High
PRJ_NGO_00003_1,15026400.00,8447560.00,77.88,11.06,100.00,100.00,100.00,64.42,Moderate
PRJ_NGO_00005_2,10302500.00,8181150.50,25.93,63.14,91.25,100.00,60.00,77.07,High
PRJ_NGO_00005_3,8900900.00,8888940.00,0.13,100.00,100.00,95.02,81.50,96.23,Very High
PRJ_NGO_00005_1,9854200.00,9213667.00,6.95,90.00,100.00,96.64,83.00,92.78,Very High
PRJ_NGO_00006_5,1495200.00,1113926.75,34.23,61.54,96.50,98.53,68.00,78.65,High
PRJ_NGO_00006_4,8019800.00,9250348.00,13.30,100.00,92.36,97.50,87.50,95.72,Very High
PRJ_NGO_00006_3,9307300.00,9605371.00,3.10,93.05,100.00,100.00,90.50,95.80,Very High
PRJ_NGO_00006_2,7221300.00,6984167.50,3.40,85.00,100.00,94.12,96.50,92.30,Very High
PRJ_NGO_00006_1,858400.00,607576.38,41.28,36.79,100.00,97.93,96.50,73.78,Moderate
PRJ_NGO_00007_1,8131800.00,14495244.00,43.90,40.25,91.25,90.64,60.00,66.04,Moderate
PRJ_NGO_00007_2,10092500.00,13774373.00,26.73,76.54,100.00,94.41,82.50,86.87,High
PRJ_NGO_00008_2,2748500.00,4725601.00,41.84,45.40,91.25,80.14,60.00,66.00,Moderate
PRJ_NGO_00008_1,3881900.00,6136995.50,36.75,56.51,100.00,81.09,84.00,76.42,High
PRJ_NGO_00008_3,772100.00,2055430.00,62.44,18.78,100.00,79.18,84.00,60.95,Moderate
PRJ_NGO_00009_3,16301700.00,16175571.00,0.78,100.00,91.25,96.22,60.00,91.06,Very High
PRJ_NGO_00009_2,10105200.00,11728544.00,13.84,100.00,100.00,100.00,83.50,97.53,Very High
PRJ_NGO_00009_1,6876500.00,6354298.00,8.22,100.00,100.00,98.24,85.00,97.40,Very High
PRJ_NGO_00010_1,7761900.00,7024014.50,10.51,77.85,96.50,100.00,60.00,84.26,High
PRJ_NGO_00011_5,3869500.00,3681647.25,5.10,90.00,96.50,91.84,68.00,88.69,High
PRJ_NGO_00011_4,5060400.00,5367788.50,5.73,90.00,100.00,86.62,90.00,91.82,Very High
PRJ_NGO_00011_3,6239500.00,6582801.50,5.22,90.00,100.00,92.77,94.00,93.65,Very High
PRJ_NGO_00011_2,4060800.00,4218511.00,3.74,100.00,100.00,79.48,100.00,95.90,Very High
PRJ_NGO_00011_1,4260500.00,5157715.00,17.40,85.21,100.00,93.58,100.00,92.80,Very High
PRJ_NGO_00012_5,489500.00,925202.94,47.09,32.27,96.50,81.38,60.00,62.31,Moderate
PRJ_NGO_00012_4,831000.00,1441966.25,42.37,44.07,100.00,80.33,77.00,70.25,Moderate
PRJ_NGO_00012_3,256400.00,660940.62,61.21,19.40,100.00,84.42,78.50,61.42,Moderate
PRJ_NGO_00012_2,1120600.00,2022224.00,44.59,38.54,100.00,87.05,86.00,70.72,Moderate
PRJ_NGO_00012_1,2818200.00,5889315.50,52.15,8.93,100.00,86.93,87.50,59.08,Low
PRJ_NGO_00013_6,7495300.00,7528721.00,0.44,90.00,91.25,88.76,68.00,86.76,High
PRJ_NGO_00013_5,546200.00,758142.25,27.96,74.09,100.00,93.22,94.00,87.38,High
PRJ_NGO_00013_4,1936100.00,1885367.50,2.69,90.00,100.00,84.06,94.00,91.91,Very High
PRJ_NGO_00013_3,11130300.00,11411749.00,2.47,93.41,100.00,96.62,100.00,96.69,Very High
PRJ_NGO_00013_2,6049100.00,6566636.00,7.88,100.00,100.00,96.77,100.00,99.35,Very High
PRJ_NGO_00013_1,858900.00,1018738.88,15.69,73.62,100.00,87.41,100.00,86.93,High
PRJ_NGO_00014_6,3957300.00,3036179.00,30.34,69.32,96.50,96.60,60.00,80.17,High
PRJ_NGO_00014_3,2763100.00,2079256.00,32.89,64.22,100.00,88.38,76.50,79.84,High
PRJ_NGO_00014_5,1281300.00,955295.25,34.13,51.75,100.00,88.55,76.50,74.88,Moderate
PRJ_NGO_00014_4,5497100.00,4990002.50,10.16,90.00,100.00,100.00,82.50,93.38,Very High
PRJ_NGO_00014_2,5169300.00,4661681.50,10.89,85.00,100.00,100.00,84.00,91.60,Very High
PRJ_NGO_00014_1,15378800.00,17954226.00,14.34,100.00,92.60,100.00,91.50,96.88,Very High
PRJ_NGO_00015_4,23049600.00,21109702.00,9.19,85.00,91.25,99.27,68.00,86.87,High
PRJ_NGO_00015_3,12123900.00,11010066.00,10.12,100.00,100.00,100.00,93.50,99.03,Very High
PRJ_NGO_00015_2,11280000.00,10365355.00,8.82,86.87,100.00,100.00,93.50,93.77,Very High
PRJ_NGO_00015_1,18528200.00,14661025.00,26.38,77.25,100.00,100.00,99.50,90.82,Very High
PRJ_NGO_00016_4,16119900.00,14120365.00,14.16,86.18,91.25,100.00,68.00,87.48,High
PRJ_NGO_00016_3,14486400.00,12429609.00,16.55,96.90,100.00,100.00,90.50,97.34,Very High
PRJ_NGO_00016_2,3667400.00,3820305.50,4.00,100.00,100.00,97.32,90.50,98.04,Very High
PRJ_NGO_00016_1,2622200.00,3005186.75,12.74,90.00,100.00,100.00,96.50,95.47,Very High
PRJ_NGO_00017_2,3553500.00,4938593.50,28.05,68.82,96.50,98.56,60.00,80.36,High
PRJ_NGO_00017_1,1068700.00,1818951.88,41.25,40.50,100.00,86.04,78.00,70.11,Moderate
PRJ_NGO_00018_3,18550200.00,16504978.00,12.39,75.00,87.26,100.00,62.00,81.11,High
PRJ_NGO_00018_2,8063500.00,6011580.00,34.13,61.73,100.00,100.00,87.00,82.74,High
PRJ_NGO_00018_1,10801700.00,6858249.50,57.50,11.25,100.00,100.00,88.50,62.78,Moderate
PRJ_NGO_00019_5,1266900.00,1312483.88,3.47,88.81,96.50,83.81,55.00,84.66,High
PRJ_NGO_00019_4,2618900.00,3104614.25,15.64,88.71,100.00,82.80,77.50,88.67,High
PRJ_NGO_00019_3,4404400.00,6054915.50,27.26,75.48,100.00,82.69,82.00,84.03,High
PRJ_NGO_00019_2,3367500.00,4552547.00,26.03,77.94,100.00,81.14,93.50,86.43,High
PRJ_NGO_00019_1,2608900.00,3369056.25,22.56,84.87,100.00,79.89,95.00,89.18,High
PRJ_NGO_00020_4,4423900.00,5792805.00,23.63,66.41,91.25,90.91,60.00,76.56,High
PRJ_NGO_00020_5,1937700.00,2327405.75,16.74,96.51,100.00,90.95,81.50,94.02,Very High
PRJ_NGO_00020_3,4359000.00,4488835.00,2.89,85.00,100.00,89.71,83.00,89.39,High
PRJ_NGO_00020_2,9003000.00,10633321.00,15.33,85.47,100.00,94.58,90.50,91.68,Very High
PRJ_NGO_00020_1,3833500.00,4973930.00,22.93,84.14,100.00,87.45,96.00,90.55,Very High
PRJ_NGO_00021_6,3524200.00,3259603.75,8.12,90.00,96.50,100.00,60.00,89.12,High
PRJ_NGO_00021_5,1020500.00,909242.38,12.24,90.00,100.00,93.15,78.00,91.33,Very High
PRJ_NGO_00021_4,8476000.00,7636851.50,10.99,85.00,91.41,99.81,78.00,88.52,High
PRJ_NGO_00021_7,24445400.00,23673256.00,3.26,100.00,100.00,100.00,87.00,98.05,Very High
PRJ_NGO_00021_3,9831600.00,8722162.00,12.72,90.00,100.00,100.00,92.50,94.88,Very High
PRJ_NGO_00021_2,4461600.00,4273434.00,4.40,100.00,100.00,92.95,100.00,98.59,Very High
PRJ_NGO_00021_1,2754200.00,3048063.25,9.64,94.40,100.00,100.00,100.00,97.76,Very High
PRJ_NGO_00022_5,13365800.00,12032088.00,11.08,90.00,91.25,100.00,60.00,87.81,High
PRJ_NGO_00022_4,13330700.00,12174665.00,9.50,100.00,100.00,100.00,87.00,98.05,Very High
PRJ_NGO_00022_3,12448500.00,12704351.00,2.01,75.00,100.00,99.59,88.50,88.19,High
PRJ_NGO_00022_2,4957800.00,5171241.50,4.13,90.00,100.00,95.41,96.00,94.48,Very High
PRJ_NGO_00022_1,8711200.00,5954143.50,46.30,19.24,100.00,100.00,97.50,67.32,Moderate
PRJ_NGO_00023_3,9066500.00,7975525.00,13.68,85.00,96.50,100.00,64.00,87.72,High
PRJ_NGO_00023_2,5488600.00,4245442.50,29.28,59.33,100.00,91.37,86.50,79.98,High
PRJ_NGO_00023_1,9167800.00,6344381.00,44.50,38.74,100.00,100.00,88.00,73.70,Moderate
PRJ_NGO_00024_2,3230100.00,2698394.75,19.70,80.59,96.50,100.00,68.00,86.56,High
PRJ_NGO_00024_1,3544800.00,2481187.50,42.87,23.94,100.00,100.00,86.50,67.55,Moderate
PRJ_NGO_00025_6,2106000.00,1965325.12,7.16,90.00,96.50,100.00,68.00,90.33,Very High
PRJ_NGO_00025_5,13041300.00,12709964.00,2.61,90.00,88.85,100.00,87.00,91.26,Very High
PRJ_NGO_00025_4,9854000.00,9853361.00,0.01,85.00,100.00,100.00,94.00,93.10,Very High
PRJ_NGO_00025_3,17977000.00,16521116.00,8.81,100.00,100.00,100.00,100.00,100.00,Very High
PRJ_NGO_00025_2,519400.00,1188660.00,56.30,11.85,100.00,93.32,100.00,63.40,Moderate
PRJ_NGO_00025_1,3840000.00,3956694.75,2.95,90.00,100.00,99.04,100.00,95.81,Very High
PRJ_NGO_00026_2,6245700.00,5790722.00,7.86,82.94,91.25,97.92,68.00,85.77,High
PRJ_NGO_00026_1,2579200.00,2724274.00,5.33,100.00,100.00,91.93,89.50,96.81,Very High
PRJ_NGO_00027_4,7187900.00,6292441.50,14.23,85.00,91.25,95.83,68.00,86.18,High
PRJ_NGO_00027_3,6662300.00,6855202.00,2.81,100.00,100.00,100.00,90.00,98.50,Very High
PRJ_NGO_00027_2,6769200.00,8928703.00,24.19,59.28,100.00,87.97,90.00,79.81,High
PRJ_NGO_00027_1,1544900.00,2733397.25,43.48,31.30,100.00,100.00,100.00,72.52,Moderate
PRJ_NGO_00028_3,1987000.00,1994698.00,0.39,91.38,96.50,97.50,68.00,90.38,Very High
PRJ_NGO_00028_2,237500.00,10000.00,2275.00,0.00,100.00,83.79,90.00,55.26,Low
PRJ_NGO_00028_1,486800.00,820032.69,40.64,48.41,100.00,90.09,90.00,75.88,High
PRJ_NGO_00029_1,1622500.00,1692208.00,4.12,100.00,96.50,100.00,60.00,93.12,Very High
PRJ_NGO_00029_2,1351000.00,1618253.25,16.51,96.97,100.00,96.53,80.00,95.09,Very High
PRJ_NGO_00030_6,1188400.00,1417481.75,16.16,87.68,96.50,100.00,68.00,89.40,High
PRJ_NGO_00030_5,6237100.00,6188621.50,0.78,92.10,87.35,91.81,83.50,89.57,High
PRJ_NGO_00030_4,6621400.00,6718396.00,1.44,90.00,100.00,100.00,89.50,94.42,Very High
PRJ_NGO_00030_3,5356900.00,5167564.00,3.66,85.00,100.00,100.00,95.50,93.33,Very High
PRJ_NGO_00030_2,15468500.00,14144607.00,9.36,100.00,100.00,100.00,95.50,99.33,Very High
PRJ_NGO_00030_1,4869400.00,4729440.50,2.96,100.00,100.00,100.00,100.00,100.00,Very High
PRJ_NGO_00031_2,26194700.00,25393146.00,3.16,85.00,91.25,100.00,68.00,87.01,High
PRJ_NGO_00031_1,9230700.00,6875920.50,34.25,56.81,100.00,100.00,97.00,82.28,High
PRJ_NGO_00032_1,7688500.00,9139884.00,15.88,73.24,91.25,95.24,60.00,80.16,High
PRJ_NGO_00033_2,4725800.00,4757719.00,0.67,86.70,96.50,100.00,60.00,87.81,High
PRJ_NGO_00033_3,4524500.00,3723094.75,21.53,67.09,100.00,100.00,79.00,83.68,High
PRJ_NGO_00033_1,10305100.00,8529309.00,20.82,88.36,100.00,100.00,80.50,92.42,Very High
PRJ_NGO_00034_2,1467000.00,1710597.38,14.24,90.00,96.50,94.22,68.00,89.17,High
PRJ_NGO_00034_1,4509300.00,6038727.50,25.33,64.35,93.00,89.36,86.50,79.84,High
PRJ_NGO_00035_4,7263500.00,7964936.00,8.81,90.00,91.25,87.78,55.00,84.62,High
PRJ_NGO_00035_3,5076700.00,6113064.00,16.95,96.09,100.00,86.31,84.50,93.37,Very High
PRJ_NGO_00035_2,1383200.00,1328495.00,4.12,91.58,100.00,82.52,86.00,91.04,Very High
PRJ_NGO_00035_1,3653900.00,3908436.25,6.51,100.00,100.00,85.26,93.50,96.08,Very High
PRJ_NGO_00036_3,2103900.00,2349947.25,10.47,90.00,96.50,84.87,68.00,87.30,High
PRJ_NGO_00036_2,5403000.00,6752877.50,19.99,90.02,100.00,88.07,86.50,91.60,Very High
PRJ_NGO_00036_1,13512600.00,12587920.00,7.35,85.00,100.00,99.03,89.50,92.23,Very High
PRJ_NGO_00037_1,3463500.00,2585071.50,33.98,62.04,96.50,94.52,60.00,76.84,High
PRJ_NGO_00038_1,4359900.00,10131854.00,56.97,21.52,91.25,86.91,60.00,57.80,Low
PRJ_NGO_00041_4,2998500.00,3454992.50,13.21,100.00,96.50,86.28,68.00,91.58,Very High
PRJ_NGO_00041_3,3798400.00,4663052.00,18.54,92.91,100.00,96.86,89.50,94.96,Very High
PRJ_NGO_00041_2,2177700.00,2133975.75,2.05,85.00,100.00,98.54,89.50,92.13,Very High
PRJ_NGO_00041_1,9984900.00,11340749.00,11.96,100.00,100.00,100.00,95.50,99.33,Very High
PRJ_NGO_00042_3,8133700.00,7530226.50,8.01,90.00,96.50,100.00,64.00,89.72,High
PRJ_NGO_00042_2,13366700.00,13026789.00,2.61,100.00,100.00,100.00,84.50,97.67,Very High
PRJ_NGO_00042_1,9223400.00,7891320.50,16.88,96.24,100.00,100.00,89.00,96.85,Very High
PRJ_NGO_00043_3,4415300.00,4787805.00,7.78,100.00,91.25,83.32,60.00,88.48,High
PRJ_NGO_00043_2,10164800.00,10123785.00,0.41,90.00,100.00,93.13,84.00,92.23,Very High
PRJ_NGO_00043_1,1199000.00,1888689.00,36.52,41.97,100.00,93.95,85.50,73.40,Moderate
PRJ_NGO_00044_6,6770200.00,7878064.50,14.06,90.00,91.25,87.89,60.00,85.39,High
PRJ_NGO_00044_5,1265300.00,1385754.38,8.69,90.00,100.00,85.35,85.50,90.89,Very High
PRJ_NGO_00044_4,1517100.00,1917964.38,20.90,88.20,100.00,82.42,87.00,89.81,High
PRJ_NGO_00044_3,2529400.00,2157419.75,17.24,95.52,100.00,79.72,94.50,93.33,Very High
PRJ_NGO_00044_2,3611000.00,4218771.00,14.41,85.00,100.00,84.22,96.00,90.24,Very High
PRJ_NGO_00044_1,2362100.00,3095547.75,23.69,72.61,100.00,81.59,100.00,85.36,High
PRJ_NGO_00046_7,10414100.00,9967873.00,4.48,100.00,91.25,98.19,68.00,92.65,Very High
PRJ_NGO_00046_6,6946600.00,7385253.50,5.94,90.00,100.00,90.13,93.00,92.98,Very High
PRJ_NGO_00046_5,2593400.00,2229196.50,16.34,97.32,100.00,93.42,97.00,97.16,Very High
PRJ_NGO_00046_4,2093400.00,2052157.38,2.01,75.00,100.00,87.47,100.00,87.49,High
PRJ_NGO_00046_3,4841800.00,5562899.50,12.96,85.00,99.68,84.05,100.00,90.73,Very High
PRJ_NGO_00046_2,3177300.00,3343439.00,4.97,100.00,100.00,87.33,100.00,97.47,Very High
PRJ_NGO_00046_1,7508000.00,7948152.50,5.54,76.00,100.00,92.13,100.00,88.83,High
PRJ_NGO_00047_6,3957600.00,4106122.00,3.62,85.00,96.50,94.50,60.00,86.03,High
PRJ_NGO_00047_5,3094400.00,3333108.75,7.16,100.00,100.00,97.07,78.50,96.19,Very High
PRJ_NGO_00047_4,3602300.00,3936002.75,8.48,100.00,100.00,85.63,80.00,94.13,Very High
PRJ_NGO_00047_3,4544700.00,5016107.00,9.40,93.69,100.00,84.74,90.50,93.00,Very High
PRJ_NGO_00047_2,3419100.00,3352993.75,1.97,100.00,100.00,94.09,96.00,98.22,Very High
PRJ_NGO_00047_1,5319400.00,6548013.50,18.76,92.47,100.00,89.80,100.00,94.95,Very High
PRJ_NGO_00048_5,1856200.00,1532668.25,21.11,77.78,96.50,87.47,68.00,82.93,High
PRJ_NGO_00048_4,8934300.00,7443566.50,20.03,79.95,93.00,95.06,86.00,87.14,High
PRJ_NGO_00048_3,5941000.00,5868495.00,1.24,100.00,100.00,99.00,90.00,98.30,Very High
PRJ_NGO_00048_2,9358200.00,7383403.00,26.75,66.51,100.00,100.00,96.00,86.00,High
PRJ_NGO_00048_1,6882400.00,5876108.00,17.13,80.75,100.00,92.30,96.00,90.16,Very High
PRJ_NGO_00049_2,2506300.00,3480063.00,27.98,74.04,96.50,87.07,60.00,80.15,High
PRJ_NGO_00049_3,3101300.00,5415553.00,42.73,33.81,100.00,87.45,76.50,67.49,Moderate
PRJ_NGO_00049_1,2962900.00,5617099.50,47.25,31.87,100.00,82.50,81.00,66.40,Moderate
PRJ_NGO_00050_3,5597100.00,4312253.00,29.80,64.93,96.50,100.00,64.00,79.70,High
PRJ_NGO_00050_2,8627700.00,7220852.50,19.48,85.34,100.00,96.58,81.00,90.60,Very High
PRJ_NGO_00050_1,6362200.00,4740268.50,34.22,51.57,100.00,88.84,85.50,76.22,High
PRJ_NGO_00051_4,18204200.00,17706820.00,2.81,100.00,91.25,100.00,60.00,91.81,Very High
PRJ_NGO_00051_5,2871800.00,2481438.25,15.73,83.54,100.00,99.86,80.00,90.39,Very High
PRJ_NGO_00051_3,14881500.00,14548199.00,2.29,85.00,100.00,100.00,81.50,91.22,Very High
PRJ_NGO_00051_2,16114400.00,15696424.00,2.66,100.00,100.00,100.00,89.00,98.35,Very High
PRJ_NGO_00051_1,5267300.00,4459449.00,18.12,85.55,100.00,100.00,90.50,92.80,Very High
PRJ_NGO_00052_5,1988900.00,1736372.38,14.54,90.00,96.50,100.00,68.00,90.33,Very High
PRJ_NGO_00052_4,4271400.00,4195366.50,1.81,85.00,93.00,88.67,90.00,88.48,High
PRJ_NGO_00052_3,6569300.00,6341261.00,3.60,90.00,100.00,91.07,93.00,93.16,Very High
PRJ_NGO_00052_2,14750000.00,14656483.00,0.64,90.00,100.00,100.00,100.00,96.00,Very High
PRJ_NGO_00052_1,7164700.00,6706718.50,6.83,100.00,100.00,100.00,100.00,100.00,Very High
PRJ_NGO_00053_7,767000.00,826499.12,7.20,100.00,96.50,87.75,60.00,90.67,Very High
PRJ_NGO_00053_5,3735600.00,5087841.50,26.58,76.84,93.00,93.02,76.50,84.07,High
PRJ_NGO_00053_6,1679100.00,1765573.88,4.90,90.00,100.00,100.00,79.50,92.92,Very High
PRJ_NGO_00053_4,2747200.00,3522771.75,22.02,85.97,100.00,100.00,85.50,92.21,Very High
PRJ_NGO_00053_3,1631400.00,1855315.62,12.07,90.00,100.00,87.20,87.00,91.49,Very High
PRJ_NGO_00053_2,2426900.00,3170694.50,23.46,68.08,100.00,89.02,94.50,84.21,High
PRJ_NGO_00053_1,1170100.00,980353.75,19.35,76.29,100.00,96.57,96.00,89.23,High
PRJ_NGO_00054_2,5621500.00,7765852.00,27.61,74.77,91.25,88.17,60.00,79.36,High
PRJ_NGO_00054_1,14832500.00,15598878.00,4.91,100.00,100.00,100.00,84.00,97.60,Very High
PRJ_NGO_00055_6,1583900.00,1427628.75,10.95,90.00,96.50,93.15,60.00,87.75,High
PRJ_NGO_00055_7,11576000.00,12159809.00,4.80,100.00,93.00,100.00,80.00,95.25,Very High
PRJ_NGO_00055_4,3722100.00,3329099.50,11.81,90.00,100.00,100.00,87.00,94.05,Very High
PRJ_NGO_00055_3,4410900.00,4627040.50,4.67,75.00,100.00,92.64,93.00,87.48,High
PRJ_NGO_00055_5,11295000.00,11125071.00,1.53,100.00,100.00,100.00,93.00,98.95,Very High
PRJ_NGO_00055_2,4498900.00,3702613.25,21.51,86.99,100.00,100.00,100.00,94.80,Very High
PRJ_NGO_00055_1,5157600.00,3956575.50,30.36,62.33,100.00,100.00,100.00,84.93,High
PRJ_NGO_00056_1,2683400.00,5456281.00,50.82,24.59,91.25,84.67,60.00,58.58,Low
PRJ_NGO_00057_2,4171700.00,3282049.25,27.11,69.71,96.50,89.44,60.00,78.90,High
PRJ_NGO_00057_1,5982200.00,4677579.50,27.89,64.22,100.00,100.00,84.50,83.36,High
PRJ_NGO_00058_3,14694700.00,16882612.00,12.96,90.00,91.25,100.00,66.00,88.71,High
PRJ_NGO_00058_2,2952100.00,3398589.25,13.14,100.00,100.00,83.12,90.00,95.12,Very High
PRJ_NGO_00058_1,5558600.00,7088928.50,21.59,86.82,100.00,88.46,91.50,91.15,Very High
PRJ_NGO_00059_1,8371200.00,9083999.00,7.85,100.00,91.25,95.02,62.00,91.12,Very High
PRJ_NGO_00060_3,272900.00,10000.00,2629.00,0.00,96.50,78.74,65.00,49.62,Low
PRJ_NGO_00060_2,2513700.00,3141140.00,19.97,90.05,92.87,81.71,86.00,88.48,High
PRJ_NGO_00060_1,6183200.00,10578640.00,41.55,46.12,100.00,86.66,89.00,74.13,Moderate
PRJ_NGO_00061_7,2579400.00,3223942.25,19.99,90.02,96.50,86.53,59.00,86.29,High
PRJ_NGO_00061_6,12264700.00,11330503.00,8.24,100.00,100.00,98.88,80.50,96.85,Very High
PRJ_NGO_00061_5,3434600.00,3337964.75,2.90,100.00,100.00,92.32,85.00,96.21,Very High
PRJ_NGO_00061_4,8477400.00,8304939.00,2.08,100.00,100.00,91.77,92.50,97.23,Very High
PRJ_NGO_00061_3,18835600.00,19362422.00,2.72,100.00,100.00,100.00,94.00,99.10,Very High
PRJ_NGO_00061_2,6686000.00,5796638.00,15.34,99.31,100.00,91.05,100.00,97.94,Very High
PRJ_NGO_00061_1,8715900.00,5591104.50,55.89,22.06,100.00,99.10,100.00,68.64,Moderate
PRJ_NGO_00062_4,4352800.00,3612601.75,20.49,89.02,96.50,100.00,68.00,89.93,High
PRJ_NGO_00062_3,2354500.00,2508351.75,6.13,90.00,100.00,100.00,90.00,94.50,Very High
PRJ_NGO_00062_2,3785700.00,3255397.25,16.29,89.89,100.00,100.00,90.00,94.45,Very High
PRJ_NGO_00062_1,8212100.00,7477827.00,9.82,89.67,100.00,100.00,96.00,95.27,Very High
PRJ_NGO_00063_6,2523200.00,2866874.00,11.99,85.00,91.25,81.85,68.00,83.38,High
PRJ_NGO_00063_5,660100.00,964168.44,31.54,66.93,100.00,85.22,90.00,82.31,High
PRJ_NGO_00063_4,1205000.00,1934721.88,37.72,54.57,100.00,82.83,90.00,76.89,High
PRJ_NGO_00063_3,1567300.00,2032873.12,22.90,74.20,100.00,84.06,96.00,85.89,High
PRJ_NGO_00063_2,8606200.00,9102606.00,5.45,90.32,100.00,91.33,96.00,93.80,Very High
PRJ_NGO_00063_1,1672800.00,2436743.75,31.35,52.30,100.00,89.69,100.00,78.86,High
PRJ_NGO_00064_2,12218400.00,9182681.00,33.06,56.66,91.25,98.67,68.00,75.41,High
PRJ_NGO_00064_1,5815700.00,3994645.25,45.59,26.19,100.00,89.30,93.50,67.36,Moderate
PRJ_NGO_00065_5,17454100.00,17370612.00,0.48,91.54,91.25,100.00,68.00,89.63,High
PRJ_NGO_00065_4,6570300.00,6504739.50,1.01,80.52,100.00,100.00,93.50,91.23,Very High
PRJ_NGO_00065_3,8806500.00,9194335.00,4.22,100.00,100.00,100.00,93.50,99.03,Very High
PRJ_NGO_00065_2,6693200.00,6995600.50,4.32,90.00,100.00,100.00,99.50,95.92,Very High
PRJ_NGO_00065_1,1721300.00,2495879.75,31.03,57.93,100.00,90.47,99.50,81.19,High
PRJ_NGO_00066_7,4042400.00,4262342.50,5.16,90.17,96.50,100.00,68.00,90.39,Very High
PRJ_NGO_00066_6,2320200.00,2361533.25,1.75,100.00,100.00,81.97,87.50,94.52,Very High
PRJ_NGO_00066_5,5481800.00,6446716.00,14.97,90.00,93.00,79.82,87.50,88.34,High
PRJ_NGO_00066_4,9190100.00,8340121.50,10.19,95.36,100.00,100.00,96.50,97.62,Very High
PRJ_NGO_00066_3,9672900.00,11331860.00,14.64,100.00,100.00,97.47,96.50,98.97,Very High
PRJ_NGO_00066_2,2121500.00,2211921.75,4.09,100.00,100.00,93.52,100.00,98.70,Very High
PRJ_NGO_00066_1,6905100.00,8730119.00,20.90,78.19,100.00,92.84,100.00,89.84,High
PRJ_NGO_00067_5,10673100.00,11547910.00,7.58,100.00,91.25,100.00,60.00,91.81,Very High
PRJ_NGO_00067_3,9084900.00,7802965.00,16.43,92.22,100.00,96.22,79.50,93.06,Very High
PRJ_NGO_00067_4,10538800.00,8478196.00,24.30,66.39,100.00,98.58,79.50,83.20,High
PRJ_NGO_00067_6,7748200.00,7410831.50,4.55,85.00,100.00,99.07,85.50,91.64,Very High
PRJ_NGO_00067_2,8023100.00,7035643.50,14.04,100.00,100.00,100.00,87.00,98.05,Very High
PRJ_NGO_00067_1,7536200.00,6214469.00,21.27,72.46,100.00,88.51,94.50,85.86,High
PRJ_NGO_00068_3,6112900.00,7221604.50,15.35,79.81,91.25,87.01,62.00,81.44,High
PRJ_NGO_00068_2,10181800.00,11464694.00,11.19,90.00,100.00,92.99,82.50,91.97,Very High
PRJ_NGO_00068_1,2869100.00,3281922.00,12.58,90.00,100.00,91.31,88.00,92.46,Very High
PRJ_NGO_00069_6,2991900.00,3245649.25,7.82,85.00,96.50,88.96,68.00,86.12,High
PRJ_NGO_00069_5,5459500.00,6224014.50,12.28,76.37,98.07,89.19,89.50,86.33,High
PRJ_NGO_00069_4,1061300.00,561981.69,88.85,5.58,100.00,89.45,89.50,58.55,Low
PRJ_NGO_00069_3,8473600.00,9900761.00,14.41,90.00,100.00,94.80,95.50,94.29,Very High
PRJ_NGO_00069_2,6795700.00,8068683.00,15.78,88.45,100.00,90.64,99.50,93.43,Very High
PRJ_NGO_00069_1,1112200.00,591632.81,87.99,6.01,100.00,92.67,100.00,60.94,Moderate
PRJ_NGO_00070_3,7904700.00,8219491.50,3.83,90.00,91.25,91.81,68.00,87.37,High
PRJ_NGO_00070_2,12889400.00,12007931.00,7.34,90.56,100.00,100.00,90.50,94.80,Very High
PRJ_NGO_00070_1,8991000.00,10111470.00,11.08,90.00,99.32,90.02,90.50,92.41,Very High
PRJ_NGO_00071_3,3830200.00,4248315.50,9.84,100.00,91.25,82.54,68.00,89.52,High
PRJ_NGO_00071_2,3025500.00,3314280.75,8.71,85.00,100.00,81.09,94.00,89.32,High
PRJ_NGO_00071_1,2268900.00,4871018.50,53.42,8.29,100.00,92.33,94.00,60.88,Moderate
PRJ_NGO_00072_6,7830100.00,7945363.50,1.45,94.08,91.25,92.19,66.00,88.78,High
PRJ_NGO_00072_5,5231400.00,5000240.00,4.62,91.41,100.00,87.12,90.00,92.49,Very High
PRJ_NGO_00072_4,1720400.00,2238988.00,23.16,73.68,100.00,100.00,91.50,88.20,High
PRJ_NGO_00072_3,3962800.00,4259601.50,6.97,90.00,100.00,100.00,99.00,95.85,Very High
PRJ_NGO_00072_2,8489300.00,7948846.50,6.80,90.00,100.00,92.21,100.00,94.44,Very High
PRJ_NGO_00072_1,2184700.00,3250727.25,32.79,49.41,100.00,84.94,100.00,76.75,High
PRJ_NGO_00073_2,4543400.00,5640748.00,19.45,91.09,96.50,89.34,68.00,88.63,High
PRJ_NGO_00073_1,5820000.00,8902171.00,34.62,45.75,100.00,93.60,92.50,75.90,High
PRJ_NGO_00074_2,3269700.00,2813034.25,16.23,88.61,96.50,100.00,68.00,89.77,High
PRJ_NGO_00074_1,4848700.00,4537587.50,6.86,90.00,100.00,100.00,86.50,93.97,Very High
PRJ_NGO_00075_1,2014700.00,3829187.50,47.39,21.54,91.25,81.53,60.00,56.73,Low
PRJ_NGO_00075_2,2321900.00,5379939.50,56.84,21.58,100.00,86.45,80.00,62.92,Moderate
PRJ_NGO_00076_2,5423300.00,4494820.00,20.66,78.69,96.50,94.10,64.00,84.02,High
PRJ_NGO_00076_1,10521200.00,6545645.50,60.74,19.63,100.00,96.64,84.00,64.78,Moderate
PRJ_NGO_00077_5,16070700.00,13856128.00,15.98,88.03,91.25,100.00,68.00,88.23,High
PRJ_NGO_00077_4,1837800.00,1871966.88,1.83,100.00,100.00,100.00,90.50,98.58,Very High
PRJ_NGO_00077_3,2084400.00,2103363.25,0.90,85.00,100.00,99.74,90.50,92.52,Very High
PRJ_NGO_00077_2,9861700.00,9136025.00,7.94,100.00,100.00,100.00,96.50,99.47,Very High
PRJ_NGO_00077_1,3423900.00,2856375.25,19.87,75.26,100.00,100.00,96.50,89.58,High
PRJ_NGO_00078_6,1728500.00,2313702.75,25.29,79.41,96.50,89.16,62.00,83.02,High
PRJ_NGO_00078_5,1190200.00,1888032.75,36.96,56.08,100.00,83.78,79.50,76.11,High
PRJ_NGO_00078_4,3209000.00,5287767.50,39.31,36.37,93.00,84.20,81.00,66.79,Moderate
PRJ_NGO_00078_3,2144300.00,3934802.50,45.50,21.24,100.00,85.84,91.50,64.39,Moderate
PRJ_NGO_00078_2,701300.00,541857.00,29.43,60.81,100.00,84.91,93.00,80.26,High
PRJ_NGO_00078_1,1324800.00,1493896.75,11.32,100.00,100.00,85.94,100.00,97.19,Very High
PRJ_NGO_00079_2,5298000.00,6969057.00,23.98,82.04,91.25,87.48,60.00,82.13,High
PRJ_NGO_00079_1,2389900.00,2503757.00,4.55,100.00,100.00,88.94,79.50,94.71,Very High
PRJ_NGO_00080_3,3533600.00,4057084.25,12.90,90.00,96.50,89.56,68.00,88.24,High
PRJ_NGO_00080_2,9193500.00,10019811.00,8.25,85.00,100.00,100.00,93.00,92.95,Very High
PRJ_NGO_00080_1,3896300.00,4495823.00,13.34,90.00,100.00,100.00,93.00,94.95,Very High
PRJ_NGO_00081_4,4491100.00,5490110.00,18.20,69.63,91.25,88.71,60.00,77.41,High
PRJ_NGO_00081_3,1841000.00,2710862.50,32.09,65.82,100.00,91.23,84.00,82.18,High
PRJ_NGO_00081_2,4288200.00,6081655.50,29.49,63.92,100.00,87.79,85.50,80.95,High
PRJ_NGO_00081_1,5119100.00,8041708.50,36.34,57.31,100.00,85.96,93.00,79.07,High
PRJ_NGO_00082_6,13028600.00,13134379.00,0.81,85.00,96.50,100.00,68.00,88.33,High
PRJ_NGO_00082_5,1394900.00,1316892.62,5.92,100.00,100.00,91.38,86.50,96.25,Very High
PRJ_NGO_00082_4,29804100.00,28111816.00,6.02,100.00,93.00,100.00,86.50,96.22,Very High
PRJ_NGO_00082_3,6143100.00,5610032.00,9.50,100.00,100.00,86.69,99.50,97.26,Very High
PRJ_NGO_00082_2,3815600.00,3663720.75,4.15,100.00,100.00,100.00,99.50,99.92,Very High
PRJ_NGO_00082_1,21312100.00,15057962.00,41.53,22.19,100.00,100.00,100.00,68.87,Moderate
PRJ_NGO_00084_7,13466600.00,13905362.00,3.16,100.00,91.25,99.59,66.00,92.63,Very High
PRJ_NGO_00084_6,4306700.00,5323063.00,19.09,71.07,100.00,82.71,93.00,83.92,High
PRJ_NGO_00084_5,12857200.00,13905740.00,7.54,89.48,100.00,98.85,94.50,94.74,Very High
PRJ_NGO_00084_4,9359500.00,9191891.00,1.82,100.00,96.91,93.11,100.00,97.85,Very High
PRJ_NGO_00084_3,1219600.00,1161592.00,4.99,100.00,100.00,79.57,100.00,95.91,Very High
PRJ_NGO_00084_2,5450200.00,6078467.50,10.34,88.30,100.00,96.54,100.00,94.63,Very High
PRJ_NGO_00084_1,4359500.00,4325225.50,0.79,100.00,100.00,96.03,100.00,99.21,Very High
PRJ_NGO_00085_5,12279900.00,10403033.00,18.04,68.92,91.25,100.00,68.00,80.58,High
PRJ_NGO_00085_4,18306300.00,17602302.00,4.00,100.00,100.00,100.00,90.00,98.50,Very High
PRJ_NGO_00085_3,5891300.00,6291171.00,6.36,90.00,100.00,88.88,94.00,92.88,Very High
PRJ_NGO_00085_2,3291800.00,3191751.25,3.13,77.73,100.00,90.46,100.00,89.18,High
PRJ_NGO_00085_1,3750300.00,3250374.50,15.38,89.24,100.00,93.56,100.00,94.41,Very High
PRJ_NGO_00086_5,9987300.00,8779117.00,13.76,93.24,91.25,100.00,60.00,89.11,High
PRJ_NGO_00086_6,7173700.00,6711020.00,6.89,85.00,100.00,99.02,81.50,91.03,Very High
PRJ_NGO_00086_4,11752900.00,9684036.00,21.36,87.27,100.00,100.00,81.50,92.13,Very High
PRJ_NGO_00086_3,1465600.00,1420939.50,3.14,100.00,100.00,93.13,89.00,96.98,Very High
PRJ_NGO_00086_2,13501100.00,11444008.00,17.98,94.05,100.00,97.73,90.50,95.74,Very High
PRJ_NGO_00086_1,13235000.00,9487043.00,39.51,50.99,100.00,100.00,100.00,80.40,High
PRJ_NGO_00087_7,14562000.00,13142789.00,10.80,90.00,91.25,100.00,68.00,89.01,High
PRJ_NGO_00087_6,10574400.00,10343960.00,2.23,87.99,100.00,100.00,94.00,94.30,Very High
PRJ_NGO_00087_5,23237300.00,21071246.00,10.28,93.32,100.00,100.00,94.00,96.43,Very High
PRJ_NGO_00087_4,7966600.00,7513184.00,6.03,88.73,100.00,100.00,100.00,95.49,Very High
PRJ_NGO_00087_3,7854600.00,7947681.00,1.17,90.00,100.00,94.57,100.00,94.91,Very High
PRJ_NGO_00087_2,10362600.00,10563724.00,1.90,90.00,100.00,91.16,100.00,94.23,Very High
PRJ_NGO_00087_1,7748100.00,6182023.00,25.33,79.33,100.00,96.11,100.00,90.96,Very High
PRJ_NGO_00088_3,4156600.00,4285366.50,3.00,100.00,96.50,97.69,68.00,93.86,Very High
PRJ_NGO_00088_2,3150500.00,2780274.00,13.32,100.00,100.00,86.12,89.00,95.57,Very High
PRJ_NGO_00088_1,2524700.00,3028252.50,16.63,96.74,100.00,85.29,92.00,94.56,Very High
PRJ_NGO_00089_5,2344400.00,2660652.25,11.89,85.00,91.25,79.36,66.00,82.58,High
PRJ_NGO_00089_4,2449700.00,3506550.50,30.14,65.22,100.00,82.84,88.00,80.86,High
PRJ_NGO_00089_3,4614500.00,5159737.00,10.57,75.00,100.00,83.20,89.50,85.06,High
PRJ_NGO_00089_2,1777000.00,1972788.00,9.92,77.64,100.00,79.56,100.00,86.97,High
PRJ_NGO_00089_1,3285800.00,5476194.00,40.00,40.00,100.00,84.60,100.00,72.92,Moderate
PRJ_NGO_00090_5,657400.00,92133.41,613.53,0.00,96.50,91.85,68.00,52.70,Low
PRJ_NGO_00090_4,5535700.00,5099135.50,8.56,100.00,92.26,99.89,86.00,95.94,Very High
PRJ_NGO_00090_3,10770000.00,8440364.00,27.60,64.80,100.00,100.00,93.00,84.87,High
PRJ_NGO_00090_2,9721800.00,9268557.00,4.89,100.00,100.00,96.92,99.00,99.23,Very High
PRJ_NGO_00090_1,15171200.00,12211180.00,24.24,69.53,100.00,100.00,100.00,87.81,High
PRJ_NGO_00091_6,5674000.00,5812219.00,2.38,90.00,96.50,99.66,64.00,89.66,High
PRJ_NGO_00091_5,5253600.00,5177509.00,1.47,90.00,100.00,100.00,84.50,93.67,Very High
PRJ_NGO_00091_4,8738100.00,8586006.00,1.77,92.92,93.00,90.18,86.00,91.35,Very High
PRJ_NGO_00091_3,8234400.00,7892971.50,4.33,85.00,100.00,100.00,100.00,94.00,Very High
PRJ_NGO_00091_2,7371100.00,7333875.50,0.51,84.32,100.00,100.00,100.00,93.73,Very High
PRJ_NGO_00091_1,6297100.00,6521989.50,3.45,100.00,100.00,97.60,100.00,99.52,Very High
PRJ_NGO_00092_7,1917100.00,1860634.75,3.03,100.00,96.50,92.65,62.00,91.95,Very High
PRJ_NGO_00092_6,11896700.00,11194192.00,6.28,85.00,93.00,100.00,83.00,89.70,High
PRJ_NGO_00092_5,434200.00,70171.45,518.77,0.00,100.00,88.87,91.50,56.50,Low
PRJ_NGO_00092_4,6137900.00,6355571.50,3.42,100.00,100.00,87.60,99.00,97.37,Very High
PRJ_NGO_00092_3,9266300.00,9221746.00,0.48,91.17,100.00,96.87,100.00,95.84,Very High
PRJ_NGO_00092_2,11356000.00,12441632.00,8.73,90.00,100.00,99.88,100.00,95.98,Very High
PRJ_NGO_00092_1,4089000.00,4933494.00,17.12,86.28,100.00,100.00,100.00,94.51,Very High
PRJ_NGO_00093_3,418200.00,1273858.00,67.17,6.41,96.50,86.53,60.00,53.00,Low
PRJ_NGO_00093_2,8282600.00,8932589.00,7.28,100.00,82.87,90.59,75.00,90.09,Very High
PRJ_NGO_00093_1,4478000.00,5060508.50,11.51,93.23,100.00,96.61,86.50,94.59,Very High
PRJ_NGO_00094_3,5245900.00,6468597.50,18.90,77.20,91.25,84.07,66.00,80.40,High
PRJ_NGO_00094_2,4117100.00,5999427.50,31.38,63.16,100.00,85.20,93.00,81.25,High
PRJ_NGO_00094_1,2034000.00,3564902.50,42.94,42.64,100.00,84.36,94.50,73.10,Moderate
PRJ_NGO_00095_1,10911700.00,8716912.00,25.18,79.64,91.25,95.40,60.00,82.75,High
PRJ_NGO_00095_3,8275700.00,6524507.00,26.84,61.32,100.00,100.00,84.00,82.13,High
PRJ_NGO_00095_2,9409400.00,7982225.50,17.88,94.24,100.00,100.00,84.00,95.30,Very High
PRJ_NGO_00096_2,9299900.00,9079292.00,2.43,92.28,96.50,100.00,66.00,90.94,Very High
PRJ_NGO_00096_1,3709400.00,4065192.25,8.75,92.28,100.00,85.08,86.00,91.83,Very High
PRJ_NGO_00097_7,5087900.00,5534873.50,8.08,100.00,91.25,88.35,68.00,90.68,Very High
PRJ_NGO_00097_6,6665500.00,7048078.00,5.43,100.00,100.00,90.80,90.50,96.73,Very High
PRJ_NGO_00097_5,1003000.00,711152.75,41.04,47.40,100.00,89.73,92.00,75.71,High
PRJ_NGO_00097_4,1006400.00,1268048.00,20.63,78.73,100.00,100.00,99.00,91.34,Very High
PRJ_NGO_00097_3,2717200.00,2501370.75,8.63,85.00,100.00,85.61,99.00,90.97,Very High
PRJ_NGO_00097_2,6331700.00,6440314.00,1.69,93.54,100.00,88.70,100.00,95.16,Very High
PRJ_NGO_00097_1,9220900.00,10347751.00,10.89,93.54,100.00,97.42,100.00,96.90,Very High
PRJ_NGO_00098_3,8812000.00,8006270.00,10.06,100.00,96.50,100.00,60.00,93.12,Very High
PRJ_NGO_00098_6,16681900.00,15591586.00,6.99,100.00,100.00,100.00,82.50,97.38,Very High
PRJ_NGO_00098_7,3791400.00,3711285.00,2.16,100.00,100.00,98.48,86.50,97.67,Very High
PRJ_NGO_00098_5,7465000.00,8295809.50,10.01,100.00,100.00,88.89,92.50,96.65,Very High
PRJ_NGO_00098_4,5732300.00,5065318.00,13.17,100.00,100.00,100.00,92.50,98.88,Very High
PRJ_NGO_00098_2,6609800.00,6987360.50,5.40,100.00,100.00,97.63,100.00,99.53,Very High
PRJ_NGO_00098_1,9742900.00,8766946.00,11.13,100.00,100.00,97.55,100.00,99.51,Very High
PRJ_NGO_00099_1,6874900.00,12586795.00,45.38,26.55,91.25,88.20,60.00,60.07,Moderate
PRJ_NGO_00099_2,3121400.00,5932296.50,47.38,31.54,100.00,83.43,83.50,66.83,Moderate
PRJ_NGO_00101_7,3737100.00,3930876.25,4.93,100.00,96.50,100.00,68.00,94.33,Very High
PRJ_NGO_00101_6,8283400.00,6746998.00,22.77,84.46,93.00,100.00,87.00,90.08,Very High
PRJ_NGO_00101_5,7454300.00,7011963.00,6.31,85.00,100.00,100.00,90.00,92.50,Very High
PRJ_NGO_00101_4,9077300.00,8587678.00,5.70,100.00,100.00,100.00,96.00,99.40,Very High
PRJ_NGO_00101_3,2169100.00,2063454.88,5.12,76.66,100.00,97.52,96.00,89.57,High
PRJ_NGO_00101_2,10064800.00,8623225.00,16.72,86.57,100.00,98.89,100.00,94.40,Very High
PRJ_NGO_00101_1,1182000.00,1714317.12,31.05,59.44,100.00,98.15,100.00,83.41,High
PRJ_NGO_00102_4,18347000.00,17566672.00,4.44,78.71,91.25,100.00,60.00,83.30,High
PRJ_NGO_00102_3,4188900.00,4303902.50,2.67,100.00,100.00,87.41,80.00,94.48,Very High
PRJ_NGO_00102_2,8596700.00,7951940.00,8.11,90.00,100.00,93.30,81.50,91.88,Very High
PRJ_NGO_00102_1,6457100.00,8403915.00,23.17,83.67,98.50,87.99,89.00,89.04,High
PRJ_NGO_00103_2,1426200.00,1758618.12,18.90,77.20,96.50,100.00,60.00,84.00,High
PRJ_NGO_00103_1,13249700.00,10784803.00,22.86,84.29,84.82,100.00,73.50,85.94,High
PRJ_NGO_00104_2,8083900.00,8207365.00,1.50,87.29,91.25,98.17,68.00,87.56,High
PRJ_NGO_00104_1,8430300.00,8179140.50,3.07,90.00,100.00,96.74,93.00,94.30,Very High
PRJ_NGO_00105_2,4740700.00,2688581.50,76.33,1.84,91.25,89.89,68.00,51.73,Low
PRJ_NGO_00105_1,1550000.00,1300204.25,19.21,91.58,100.00,88.62,93.00,93.30,Very High
PRJ_NGO_00106_1,8503900.00,6659947.00,27.69,68.86,96.50,100.00,60.00,80.67,High
PRJ_NGO_00107_3,3517700.00,4490919.00,21.67,79.48,91.25,85.02,68.00,81.81,High
PRJ_NGO_00107_2,3967700.00,5734898.00,30.81,68.37,100.00,84.91,90.00,82.83,High
PRJ_NGO_00107_1,1099500.00,2842566.25,61.32,9.34,100.00,80.99,90.00,58.43,Low
PRJ_NGO_00108_3,13771600.00,13430528.00,2.54,100.00,91.25,96.26,60.00,91.06,Very High
PRJ_NGO_00108_4,6916100.00,6644441.00,4.09,100.00,100.00,100.00,81.50,97.22,Very High
PRJ_NGO_00108_2,7967700.00,5295561.50,50.46,24.77,100.00,100.00,83.00,67.36,Moderate
PRJ_NGO_00108_1,11368700.00,8902612.00,27.70,57.58,100.00,100.00,90.50,81.61,High
PRJ_NGO_00109_3,8576400.00,9853225.00,12.96,90.00,91.25,93.79,65.00,87.32,High
PRJ_NGO_00109_2,6971300.00,6837206.00,1.96,85.00,100.00,91.49,93.00,91.25,Very High
PRJ_NGO_00109_1,8213100.00,8471578.00,3.05,93.42,100.00,93.27,93.00,94.97,Very High
PRJ_NGO_00110_3,6676800.00,6703551.50,0.40,100.00,96.50,98.23,60.00,92.77,Very High
PRJ_NGO_00110_4,21282900.00,20939688.00,1.64,100.00,93.00,99.86,80.00,95.22,Very High
PRJ_NGO_00110_2,5730000.00,6413136.00,10.65,100.00,100.00,91.99,88.50,96.67,Very High
PRJ_NGO_00110_1,23744400.00,18170400.00,30.68,68.65,100.00,94.34,96.00,85.73,High
PRJ_NGO_00111_5,4056900.00,3338684.50,21.51,71.98,96.50,97.18,68.00,82.55,High
PRJ_NGO_00111_4,3675300.00,2974032.75,23.58,72.84,100.00,100.00,84.00,86.74,High
PRJ_NGO_00111_3,9655200.00,8751881.00,10.32,90.00,100.00,100.00,85.50,93.83,Very High
PRJ_NGO_00111_2,16894000.00,14390078.00,17.40,85.20,100.00,100.00,95.50,93.40,Very High
PRJ_NGO_00111_1,15381900.00,15812703.00,2.72,88.52,100.00,99.73,99.50,95.28,Very High
PRJ_NGO_00112_5,8585900.00,10517674.00,18.37,83.27,91.25,96.85,60.00,84.49,High
PRJ_NGO_00112_6,4145500.00,4956444.00,16.36,82.28,100.00,97.21,80.00,89.35,High
PRJ_NGO_00112_4,16656600.00,18622862.00,10.56,100.00,100.00,100.00,80.00,97.00,Very High
PRJ_NGO_00112_3,3836700.00,4028098.75,4.75,85.00,100.00,95.47,91.50,91.82,Very High
PRJ_NGO_00112_2,2719700.00,2515414.75,8.12,100.00,100.00,100.00,93.00,98.95,Very High
PRJ_NGO_00112_1,4801500.00,5651892.50,15.05,89.91,100.00,90.65,100.00,94.09,Very High
PRJ_NGO_00113_3,2750800.00,2645373.25,3.99,100.00,96.50,97.37,68.00,93.80,Very High
PRJ_NGO_00113_2,3760100.00,3751799.50,0.22,90.00,100.00,100.00,90.00,94.50,Very High
PRJ_NGO_00113_1,7860100.00,7290371.50,7.81,90.00,100.00,99.86,90.00,94.47,Very High
PRJ_NGO_00114_3,20152400.00,18203248.00,10.71,100.00,91.25,100.00,66.00,92.71,Very High
PRJ_NGO_00114_2,6626700.00,4952981.00,33.79,62.42,100.00,99.11,92.00,83.59,High
PRJ_NGO_00114_1,1759200.00,1696812.50,3.68,85.00,100.00,91.52,93.50,91.33,Very High
PRJ_NGO_00115_5,5248400.00,4719773.00,11.20,100.00,96.50,100.00,68.00,94.33,Very High
PRJ_NGO_00115_4,4340400.00,4594349.00,5.53,100.00,100.00,100.00,87.00,98.05,Very High
PRJ_NGO_00115_3,19047600.00,18215224.00,4.57,100.00,93.00,100.00,87.00,96.30,Very High
PRJ_NGO_00115_2,10102200.00,10877901.00,7.13,100.00,100.00,98.64,96.00,99.13,Very High
PRJ_NGO_00115_1,3655800.00,2273990.75,60.77,19.62,100.00,100.00,96.00,67.25,Moderate
PRJ_NGO_00116_2,8662000.00,7756940.50,11.67,100.00,96.50,100.00,60.00,93.12,Very High
PRJ_NGO_00116_1,7830400.00,7159970.50,9.36,86.18,100.00,91.07,81.50,89.91,High
PRJ_NGO_00117_4,7368800.00,10327047.00,28.65,72.71,91.25,89.10,68.00,79.92,High
PRJ_NGO_00117_3,3552000.00,4066175.00,12.65,85.00,100.00,87.46,90.00,89.99,High
PRJ_NGO_00117_2,7013900.00,11252028.00,37.67,39.67,100.00,85.28,90.00,71.42,Moderate
PRJ_NGO_00117_1,5908600.00,7015987.50,15.78,83.43,100.00,88.70,100.00,91.11,Very High
PRJ_NGO_00118_4,711500.00,561635.44,26.68,61.63,96.50,85.26,62.00,75.13,High
PRJ_NGO_00118_3,6268000.00,7083448.50,11.51,90.00,93.00,94.23,79.50,90.02,Very High
PRJ_NGO_00118_2,9786300.00,10323653.00,5.21,100.00,100.00,95.46,84.00,96.69,Very High
PRJ_NGO_00118_1,7902300.00,10463649.00,24.48,71.04,100.00,92.42,95.50,86.23,High
PRJ_NGO_00119_3,5501800.00,4913848.50,11.97,90.00,96.50,100.00,60.00,89.12,High
PRJ_NGO_00119_4,4292900.00,4047508.50,6.06,100.00,100.00,94.31,77.00,95.41,Very High
PRJ_NGO_00119_2,3508600.00,3375212.50,3.95,94.21,100.00,100.00,81.50,94.91,Very High
PRJ_NGO_00119_1,20258700.00,12425758.00,63.04,1.18,100.00,100.00,89.00,58.82,Low
PRJ_NGO_00120_4,4846100.00,4742651.00,2.18,80.94,96.50,98.19,68.00,86.34,High
PRJ_NGO_00120_3,9267400.00,9758925.00,5.04,85.00,100.00,95.06,87.00,91.06,Very High
PRJ_NGO_00120_2,4403800.00,5549962.50,20.65,78.70,100.00,87.16,94.00,88.01,High
PRJ_NGO_00120_1,10400200.00,11923805.00,12.78,100.00,100.00,95.09,100.00,99.02,Very High
PRJ_NGO_00121_5,2431300.00,2692804.00,9.71,92.81,91.25,81.50,57.00,84.79,High
PRJ_NGO_00121_4,4452100.00,4320538.50,3.05,90.00,100.00,87.93,82.00,90.89,Very High
PRJ_NGO_00121_3,9554500.00,9804523.00,2.55,86.96,96.87,91.28,83.50,89.78,High
PRJ_NGO_00121_2,2213600.00,2655559.00,16.64,81.71,100.00,89.46,95.00,89.83,High
PRJ_NGO_00121_1,1662300.00,2387041.50,30.36,50.48,100.00,88.44,96.50,77.35,High
PRJ_NGO_00122_2,641600.00,966552.38,33.62,52.76,96.50,82.18,60.00,70.67,Moderate
PRJ_NGO_00122_1,871700.00,882422.94,1.22,100.00,100.00,82.73,78.00,93.25,Very High
PRJ_NGO_00123_5,2942700.00,3469269.50,15.18,99.64,96.50,92.83,62.00,91.85,Very High
PRJ_NGO_00123_4,3351500.00,3652927.25,8.25,81.48,100.00,94.59,79.50,88.44,High
PRJ_NGO_00123_3,2484600.00,2720823.75,8.68,85.00,100.00,90.49,81.00,89.25,High
PRJ_NGO_00123_2,7360000.00,8365922.00,12.02,82.88,100.00,97.55,88.50,90.94,Very High
PRJ_NGO_00123_1,2749000.00,3371537.00,18.46,93.07,100.00,96.46,93.00,95.47,Very High
PRJ_NGO_00124_6,1839500.00,2509406.00,26.70,58.18,96.50,100.00,60.00,76.40,High
PRJ_NGO_00124_5,8301900.00,9178373.00,9.55,78.67,86.09,89.64,78.50,82.69,High
PRJ_NGO_00124_4,6791900.00,6902728.50,1.61,100.00,100.00,100.00,90.00,98.50,Very High
PRJ_NGO_00124_3,10909100.00,10606824.00,2.85,100.00,100.00,98.69,97.50,99.36,Very High
PRJ_NGO_00124_2,13964900.00,13258771.00,5.33,100.00,100.00,100.00,99.00,99.85,Very High
PRJ_NGO_00124_1,12420600.00,10294626.00,20.65,73.70,100.00,100.00,100.00,89.48,High
PRJ_NGO_00125_6,500600.00,341534.28,46.57,25.73,96.50,83.74,68.00,61.37,Moderate
PRJ_NGO_00125_5,6183600.00,7467635.50,17.19,95.61,91.12,90.92,90.00,92.71,Very High
PRJ_NGO_00125_4,8395400.00,9639450.00,12.91,100.00,100.00,95.81,97.00,98.71,Very High
PRJ_NGO_00125_3,5462000.00,6528412.50,16.33,87.33,100.00,100.00,100.00,94.93,Very High
PRJ_NGO_00125_2,4548900.00,5536999.00,17.85,94.31,100.00,93.02,100.00,96.33,Very High
PRJ_NGO_00125_1,718800.00,347705.09,106.73,0.00,100.00,89.13,100.00,57.83,Low
PRJ_NGO_00126_6,942800.00,1010605.06,6.71,100.00,96.50,80.33,64.00,89.79,High
PRJ_NGO_00126_5,2694400.00,3283463.50,17.94,75.43,93.00,80.38,84.50,82.17,High
PRJ_NGO_00126_4,6793500.00,8924059.00,23.87,82.25,100.00,86.83,89.00,88.62,High
PRJ_NGO_00126_3,2609600.00,2777878.50,6.06,90.00,100.00,81.93,100.00,92.39,Very High
PRJ_NGO_00126_2,844100.00,815283.56,3.53,90.00,100.00,87.14,100.00,93.43,Very High
PRJ_NGO_00126_1,1121200.00,1319825.75,15.05,84.90,100.00,81.53,100.00,90.27,Very High
PRJ_NGO_00128_6,966700.00,980748.50,1.43,95.31,96.50,86.71,60.00,88.59,High
PRJ_NGO_00128_3,346800.00,453268.03,23.49,83.02,100.00,87.26,77.00,87.21,High
PRJ_NGO_00128_5,1077900.00,1124104.00,4.11,90.00,100.00,88.29,77.00,90.21,Very High
PRJ_NGO_00128_7,2347800.00,4278530.50,45.13,27.18,93.00,84.61,83.00,63.50,Moderate
PRJ_NGO_00128_4,2815900.00,4570251.00,38.39,53.23,100.00,81.62,86.00,75.51,High
PRJ_NGO_00128_2,3503900.00,6028438.50,41.88,30.31,100.00,85.38,97.50,68.82,Moderate
PRJ_NGO_00128_1,331100.00,10000.00,3211.00,0.00,100.00,81.06,99.00,56.06,Low
PRJ_NGO_00129_5,8279300.00,8725438.00,5.11,100.00,91.25,95.57,68.00,92.13,Very High
PRJ_NGO_00129_4,11076100.00,10695980.00,3.55,100.00,100.00,97.90,90.00,98.08,Very High
PRJ_NGO_00129_3,1999400.00,2297819.00,12.99,80.49,100.00,100.00,90.00,90.69,Very High
PRJ_NGO_00129_2,4388100.00,4167023.25,5.31,75.77,100.00,88.65,96.00,87.44,High
PRJ_NGO_00129_1,10743800.00,10551802.00,1.82,84.21,100.00,100.00,96.00,93.08,Very High
PRJ_NGO_00130_3,9048500.00,6438742.50,40.53,48.67,96.50,100.00,60.00,72.59,Moderate
PRJ_NGO_00130_1,18108500.00,15451491.00,17.20,85.61,100.00,100.00,79.50,91.17,Very High
PRJ_NGO_00130_2,20766800.00,15255954.00,36.12,57.75,100.00,100.00,82.50,80.48,High
PRJ_NGO_00131_1,3150700.00,3099834.00,1.64,85.00,96.50,97.42,60.00,86.61,High
PRJ_NGO_00131_2,7807300.00,7701225.00,1.38,100.00,93.00,94.01,76.50,93.53,Very High
PRJ_NGO_00133_7,14182900.00,13167790.00,7.71,82.49,91.25,100.00,62.00,85.11,High
PRJ_NGO_00133_6,2681600.00,2451797.50,9.37,85.00,100.00,89.37,83.00,89.32,High
PRJ_NGO_00133_5,13560800.00,12899638.00,5.13,100.00,100.00,100.00,84.50,97.67,Very High
PRJ_NGO_00133_4,9087800.00,8743128.00,3.94,100.00,100.00,100.00,92.00,98.80,Very High
PRJ_NGO_00133_3,2738900.00,2016621.62,35.82,58.37,100.00,99.87,93.50,82.35,High
PRJ_NGO_00133_2,11404700.00,8217908.00,38.78,37.44,100.00,99.90,100.00,74.96,Moderate
PRJ_NGO_00133_1,4699400.00,3865274.50,21.58,86.84,100.00,100.00,100.00,94.74,Very High
PRJ_NGO_00134_5,3421600.00,2474998.75,38.25,47.36,91.25,86.19,68.00,69.19,Moderate
PRJ_NGO_00134_4,12193400.00,14775654.00,17.48,85.05,100.00,99.22,90.00,92.36,Very High
PRJ_NGO_00134_3,8936300.00,9359790.00,4.52,90.00,100.00,95.09,94.00,94.12,Very High
PRJ_NGO_00134_2,7374500.00,7481209.00,1.43,76.55,100.00,98.43,100.00,90.31,Very High
PRJ_NGO_00134_1,7197900.00,8670138.00,16.98,86.04,100.00,100.00,100.00,94.42,Very High
PRJ_NGO_00135_4,3228600.00,4301537.00,24.94,70.11,96.50,99.49,68.00,82.27,High
PRJ_NGO_00135_3,3440700.00,3939148.50,12.65,100.00,100.00,89.38,88.00,96.08,Very High
PRJ_NGO_00135_2,10903700.00,11021599.00,1.07,100.00,100.00,100.00,88.00,98.20,Very High
PRJ_NGO_00135_1,12408400.00,14849966.00,16.44,82.12,100.00,97.15,97.00,91.83,Very High
PRJ_NGO_00136_1,13646900.00,11306389.00,20.70,81.49,91.25,98.47,60.00,84.10,High
PRJ_NGO_00136_2,6940300.00,7023069.00,1.18,90.00,100.00,89.55,87.00,91.96,Very High
PRJ_NGO_00136_3,12347900.00,11388143.00,8.43,90.05,98.49,100.00,87.00,93.69,Very High
PRJ_NGO_00137_7,5228300.00,6042880.00,13.48,90.00,91.25,92.94,66.00,87.30,High
PRJ_NGO_00137_6,7860400.00,7951792.00,1.15,100.00,100.00,95.39,86.00,96.98,Very High
PRJ_NGO_00137_5,1794600.00,2056584.38,12.74,90.00,100.00,81.46,87.50,90.42,Very High
PRJ_NGO_00137_4,1881800.00,2224676.75,15.41,89.18,100.00,83.30,95.00,91.58,Very High
PRJ_NGO_00137_3,5197500.00,4942608.50,5.16,90.00,100.00,90.53,96.00,93.51,Very High
PRJ_NGO_00137_2,7956300.00,8758142.00,9.16,100.00,100.00,94.80,100.00,98.96,Very High
PRJ_NGO_00137_1,666300.00,622058.12,7.11,92.52,100.00,82.66,100.00,93.54,Very High
PRJ_NGO_00138_7,12919700.00,13061845.00,1.09,94.35,91.25,100.00,68.00,90.75,Very High
PRJ_NGO_00138_6,1951400.00,2552895.00,23.56,57.88,100.00,100.00,91.00,81.80,High
PRJ_NGO_00138_5,18174000.00,17950392.00,1.25,90.00,95.48,100.00,92.50,93.75,Very High
PRJ_NGO_00138_4,15628200.00,15143227.00,3.20,100.00,100.00,100.00,99.50,99.92,Very High
PRJ_NGO_00138_3,23084000.00,21155758.00,9.11,100.00,100.00,99.44,99.50,99.81,Very High
PRJ_NGO_00138_2,14013300.00,13546091.00,3.45,90.00,100.00,100.00,100.00,96.00,Very High
PRJ_NGO_00138_1,1280800.00,4668544.50,72.57,13.72,100.00,100.00,100.00,65.49,Moderate
PRJ_NGO_00139_5,8072100.00,8202793.00,1.59,100.00,96.50,100.00,68.00,94.33,Very High
PRJ_NGO_00139_4,10178600.00,10351528.00,1.67,100.00,100.00,98.84,93.00,98.72,Very High
PRJ_NGO_00139_3,15035500.00,14956990.00,0.52,100.00,100.00,100.00,93.00,98.95,Very High
PRJ_NGO_00139_2,7861500.00,8621526.00,8.82,100.00,100.00,93.20,100.00,98.64,Very High
PRJ_NGO_00139_1,2625100.00,3631812.25,27.72,74.56,100.00,88.39,100.00,87.50,High
PRJ_NGO_00140_5,15105600.00,15003097.00,0.68,93.78,88.68,100.00,55.00,87.93,High
PRJ_NGO_00140_4,5655300.00,4744292.50,19.20,91.60,100.00,92.21,83.00,92.53,Very High
PRJ_NGO_00140_6,8479200.00,7101723.00,19.40,86.07,100.00,95.10,83.00,90.90,Very High
PRJ_NGO_00140_3,16270100.00,14934751.00,8.94,78.91,100.00,100.00,90.50,90.14,Very High
PRJ_NGO_00140_2,7778000.00,5818704.50,33.67,62.66,100.00,100.00,92.00,83.86,High
PRJ_NGO_00140_1,5155600.00,4287599.50,20.24,89.51,100.00,88.02,99.50,93.33,Very High
PRJ_NGO_00141_4,11500100.00,12205073.00,5.78,100.00,91.25,95.26,68.00,92.06,Very High
PRJ_NGO_00141_3,8706100.00,8921064.00,2.41,100.00,100.00,97.98,93.50,98.62,Very High
PRJ_NGO_00141_2,2202700.00,2195676.00,0.32,90.00,100.00,95.68,93.50,94.16,Very High
PRJ_NGO_00141_1,3431300.00,5411388.00,36.59,46.82,100.00,82.73,99.50,75.20,High
PRJ_NGO_00142_2,3311600.00,4131181.75,19.84,82.79,96.50,100.00,68.00,87.44,High
PRJ_NGO_00142_1,8721400.00,12786259.00,31.79,51.42,100.00,100.00,87.00,78.62,High
PRJ_NGO_00143_2,4669400.00,4362257.00,7.04,100.00,91.25,93.47,68.00,91.71,Very High
PRJ_NGO_00143_1,5317900.00,3673574.25,44.76,38.10,100.00,100.00,89.50,73.66,Moderate
PRJ_NGO_00145_3,6115800.00,7905027.00,22.63,84.73,91.25,87.13,68.00,84.33,High
PRJ_NGO_00145_2,651600.00,935112.88,30.32,69.36,100.00,89.87,93.00,84.67,High
PRJ_NGO_00145_1,5915900.00,8181921.00,27.70,61.60,100.00,86.88,93.00,80.97,High
PRJ_NGO_00146_5,5341700.00,5010025.00,6.62,85.00,96.50,95.33,68.00,87.39,High
PRJ_NGO_00146_4,12374500.00,10685810.00,15.80,98.39,100.00,97.07,92.50,97.65,Very High
PRJ_NGO_00146_3,7252000.00,6757674.50,7.32,90.00,100.00,88.16,96.50,93.11,Very High
PRJ_NGO_00146_2,5808100.00,5348891.50,8.59,100.00,100.00,100.00,100.00,100.00,Very High
PRJ_NGO_00146_1,7637900.00,5951769.00,28.33,58.34,100.00,90.70,100.00,81.48,High
PRJ_NGO_00147_7,18848400.00,19104196.00,1.34,90.00,91.25,100.00,68.00,89.01,High
PRJ_NGO_00147_6,17595800.00,16647664.00,5.70,91.82,100.00,100.00,93.00,95.68,Very High
PRJ_NGO_00147_5,9080700.00,8363257.00,8.58,100.00,100.00,99.76,94.00,99.05,Very High
PRJ_NGO_00147_4,8141400.00,8499269.00,4.21,90.00,100.00,99.82,100.00,95.96,Very High
PRJ_NGO_00147_3,15339900.00,15610070.00,1.73,90.00,100.00,96.78,100.00,95.36,Very High
PRJ_NGO_00147_2,15256500.00,11321364.00,34.76,51.32,100.00,100.00,100.00,80.53,High
PRJ_NGO_00147_1,9874100.00,8739254.00,12.99,85.00,100.00,100.00,100.00,94.00,Very High
PRJ_NGO_00148_4,2643500.00,3180883.75,16.89,96.21,91.25,82.64,68.00,88.03,High
PRJ_NGO_00148_3,1611600.00,2693702.75,40.17,29.10,100.00,81.99,93.00,66.99,Moderate
PRJ_NGO_00148_2,1088400.00,1439111.12,24.37,58.80,100.00,90.53,93.00,80.58,High
PRJ_NGO_00148_1,1353200.00,2290546.25,40.92,37.69,100.00,84.54,99.00,71.84,Moderate
PRJ_NGO_00149_3,17019900.00,17007114.00,0.08,100.00,91.25,100.00,68.00,93.01,Very High
PRJ_NGO_00149_2,5695800.00,4423883.50,28.75,72.50,100.00,90.38,93.50,86.10,High
PRJ_NGO_00149_1,17585600.00,16464574.00,6.81,90.00,100.00,100.00,93.50,95.03,Very High
PRJ_NGO_00150_5,7695200.00,8510436.00,9.58,94.65,91.25,86.27,68.00,88.13,High
PRJ_NGO_00150_4,5663200.00,6082600.50,6.90,100.00,100.00,85.16,93.50,96.06,Very High
PRJ_NGO_00150_3,3150700.00,4201762.00,25.01,79.97,100.00,88.20,93.50,88.65,High
PRJ_NGO_00150_2,5995400.00,6314986.00,5.06,90.00,100.00,85.15,99.50,92.95,Very High
PRJ_NGO_00150_1,4089600.00,5437127.50,24.78,70.43,100.00,83.67,99.50,84.83,High
PRJ_NGO_00151_1,1855800.00,2023084.88,8.27,80.38,96.50,92.27,62.00,84.03,High
PRJ_NGO_00152_6,11123000.00,10330936.00,7.67,100.00,90.84,93.03,68.00,91.52,Very High
PRJ_NGO_00152_5,13982400.00,12092391.00,15.63,98.74,100.00,100.00,93.00,98.45,Very High
PRJ_NGO_00152_4,7574300.00,7921705.00,4.39,100.00,100.00,90.22,94.00,97.14,Very High
PRJ_NGO_00152_3,16200100.00,13802948.00,17.37,80.27,100.00,100.00,100.00,92.11,Very High
PRJ_NGO_00152_2,4230400.00,4287457.00,1.33,75.00,100.00,87.82,100.00,87.56,High
PRJ_NGO_00152_1,5486800.00,5374296.00,2.09,90.00,100.00,91.85,100.00,94.37,Very High
PRJ_NGO_00153_2,22002900.00,21545070.00,2.12,100.00,91.25,100.00,66.00,92.71,Very High
PRJ_NGO_00153_1,6004300.00,3257941.75,84.30,1.52,100.00,100.00,90.00,59.11,Low
PRJ_NGO_00154_6,3229400.00,2941760.25,9.78,85.00,96.50,100.00,60.00,87.12,High
PRJ_NGO_00154_5,2781700.00,2631168.75,5.72,100.00,100.00,98.97,80.00,96.79,Very High
PRJ_NGO_00154_4,2856500.00,2943498.25,2.96,75.43,100.00,100.00,81.50,87.40,High
PRJ_NGO_00154_3,13357400.00,12060932.00,10.75,90.00,93.00,100.00,89.00,92.60,Very High
PRJ_NGO_00154_2,8505900.00,8541192.00,0.41,75.00,100.00,100.00,97.50,89.62,High
PRJ_NGO_00154_1,8707700.00,5435043.00,60.21,11.14,97.90,93.90,100.00,62.71,Moderate
PRJ_NGO_00155_3,11857800.00,9818743.00,20.77,83.25,91.25,99.42,64.00,85.60,High
PRJ_NGO_00155_2,3857100.00,3442995.50,12.03,100.00,100.00,100.00,88.00,98.20,Very High
PRJ_NGO_00155_1,11148600.00,9557270.00,16.65,90.64,100.00,100.00,89.50,94.68,Very High
PRJ_NGO_00156_3,9381800.00,8440025.00,11.16,100.00,91.25,98.72,68.00,92.76,Very High
PRJ_NGO_00156_2,8419200.00,8090445.00,4.06,89.95,100.00,92.84,92.50,93.42,Very High
PRJ_NGO_00156_1,2226600.00,2169356.50,2.64,100.00,100.00,88.48,92.50,96.57,Very High
PRJ_NGO_00157_2,6401000.00,7648633.00,16.31,97.38,96.50,100.00,68.00,93.28,Very High
PRJ_NGO_00157_1,6854900.00,6395695.50,7.18,86.73,100.00,96.58,86.50,91.98,Very High
PRJ_NGO_00158_2,932600.00,1136149.38,17.92,94.17,96.50,93.68,62.00,89.83,High
PRJ_NGO_00158_1,4009700.00,3984409.75,0.63,100.00,93.00,97.49,79.50,94.67,Very High
PRJ_NGO_00159_2,25109800.00,24776326.00,1.35,85.00,91.25,100.00,68.00,87.01,High
PRJ_NGO_00159_1,2650800.00,2391813.25,10.83,100.00,100.00,100.00,94.00,99.10,Very High
PRJ_NGO_00160_1,1220500.00,2460156.75,50.39,18.89,96.50,82.80,62.00,57.54,Low
PRJ_NGO_00161_2,1844200.00,1662801.75,10.91,85.00,96.50,93.50,68.00,87.03,High
PRJ_NGO_00161_1,9955500.00,8440848.00,17.94,81.71,92.30,92.61,87.00,87.33,High
PRJ_NGO_00162_3,3250200.00,2853747.75,13.89,85.34,96.50,100.00,68.00,88.46,High
PRJ_NGO_00162_2,4862900.00,3686099.25,31.93,66.15,93.00,94.95,83.50,81.22,High
PRJ_NGO_00162_1,27780300.00,15968494.00,73.97,13.02,100.00,100.00,86.50,63.18,Moderate
PRJ_NGO_00164_5,3215400.00,3455404.25,6.95,100.00,96.50,83.20,60.00,89.77,High
PRJ_NGO_00164_4,11499900.00,12055126.00,4.61,90.00,88.72,94.07,79.50,88.92,High
PRJ_NGO_00164_3,1907000.00,2383251.25,19.98,79.56,100.00,87.09,88.00,87.44,High
PRJ_NGO_00164_2,13697200.00,13385146.00,2.33,85.47,100.00,100.00,95.50,93.51,Very High
PRJ_NGO_00164_1,4156100.00,4601151.00,9.67,90.00,100.00,89.98,97.00,93.55,Very High
PRJ_NGO_00166_7,10359700.00,11279121.00,8.15,100.00,91.25,100.00,64.00,92.41,Very High
PRJ_NGO_00166_6,11825000.00,11789446.00,0.30,100.00,100.00,97.42,85.50,97.31,Very High
PRJ_NGO_00166_5,21446300.00,20739626.00,3.41,100.00,100.00,89.25,91.00,96.50,Very High
PRJ_NGO_00166_4,22341200.00,22103262.00,1.08,100.00,100.00,95.99,98.50,98.97,Very High
PRJ_NGO_00166_3,6520500.00,7057422.50,7.61,100.00,100.00,100.00,100.00,100.00,Very High
PRJ_NGO_00166_2,1313400.00,1684709.12,22.04,85.92,100.00,99.99,100.00,94.37,Very High
PRJ_NGO_00166_1,19433000.00,16488956.00,17.85,94.29,100.00,100.00,100.00,97.72,Very High
PRJ_NGO_00167_6,5986400.00,6856837.50,12.69,100.00,91.25,91.87,60.00,90.19,Very High
PRJ_NGO_00167_3,2980800.00,3369121.50,11.53,100.00,100.00,84.31,80.00,93.86,Very High
PRJ_NGO_00167_4,2440000.00,2501442.00,2.46,90.00,100.00,86.13,80.00,90.23,Very High
PRJ_NGO_00167_5,11852000.00,12924274.00,8.30,85.53,100.00,93.31,86.00,90.77,Very High
PRJ_NGO_00167_2,10765600.00,12099473.00,11.02,75.00,100.00,98.99,91.50,88.52,High
PRJ_NGO_00167_1,9751200.00,11310297.00,13.78,100.00,100.00,100.00,99.00,99.85,Very High
PRJ_NGO_00168_6,5492800.00,6099804.50,9.95,90.00,96.50,95.96,68.00,89.52,High
PRJ_NGO_00168_5,5475000.00,5637407.00,2.88,93.79,100.00,99.34,90.00,95.88,Very High
PRJ_NGO_00168_4,8791600.00,8193743.50,7.30,100.00,100.00,100.00,90.00,98.50,Very High
PRJ_NGO_00168_3,12607400.00,10602759.00,18.91,84.35,100.00,98.62,96.00,92.86,Very High
PRJ_NGO_00168_2,6091400.00,5661990.50,7.58,82.54,100.00,100.00,100.00,93.01,Very High
PRJ_NGO_00168_1,2768900.00,4176056.50,33.70,52.61,100.00,88.98,100.00,78.84,High
PRJ_NGO_00169_4,15219100.00,14513272.00,4.86,100.00,96.50,98.09,68.00,93.94,Very High
PRJ_NGO_00169_3,18983600.00,18008354.00,5.42,90.00,100.00,100.00,84.00,93.60,Very High
PRJ_NGO_00169_2,2726100.00,2977945.50,8.46,94.75,100.00,100.00,88.50,96.18,Very High
PRJ_NGO_00169_1,9033500.00,7671879.00,17.75,84.50,100.00,100.00,95.50,93.13,Very High
PRJ_NGO_00170_5,4153900.00,4187904.00,0.81,86.58,96.50,97.24,62.00,87.51,High
PRJ_NGO_00170_4,1150700.00,1291820.50,10.92,100.00,100.00,99.00,80.00,96.80,Very High
PRJ_NGO_00170_3,2966700.00,2494626.75,18.92,92.15,100.00,90.73,81.50,92.23,Very High
PRJ_NGO_00170_2,10786800.00,10714525.00,0.67,77.28,100.00,100.00,89.00,89.26,High
PRJ_NGO_00170_1,4567400.00,5673360.50,19.49,91.01,100.00,87.28,93.50,92.89,Very High
PRJ_NGO_00171_4,2407600.00,2818223.50,14.57,85.00,96.50,92.92,68.00,86.91,High
PRJ_NGO_00171_3,2583600.00,3244711.25,20.38,77.61,100.00,87.48,84.50,86.21,High
PRJ_NGO_00171_2,2670300.00,2951325.75,9.52,85.00,100.00,85.56,89.00,89.46,High
PRJ_NGO_00171_1,9531400.00,9079218.00,4.98,91.95,100.00,97.95,96.00,95.77,Very High
PRJ_NGO_00172_2,7029500.00,7142198.50,1.58,100.00,91.25,92.50,68.00,91.51,Very High
PRJ_NGO_00172_1,5645400.00,5664476.00,0.34,90.52,100.00,100.00,92.00,95.01,Very High
PRJ_NGO_00173_3,1939700.00,2383819.75,18.63,82.74,96.50,93.37,60.00,84.89,High
PRJ_NGO_00173_5,3178500.00,3914004.50,18.79,77.42,100.00,97.55,78.50,87.25,High
PRJ_NGO_00173_6,8195900.00,9187821.00,10.80,100.00,100.00,99.11,78.50,96.60,Very High
PRJ_NGO_00173_4,5680800.00,5799528.00,2.05,85.00,100.00,100.00,87.50,92.12,Very High
PRJ_NGO_00173_2,2133400.00,2571287.25,17.03,95.94,100.00,94.96,89.00,95.72,Very High
PRJ_NGO_00173_1,12949800.00,15794362.00,18.01,93.98,100.00,100.00,96.50,97.07,Very High
PRJ_NGO_00174_7,7965600.00,8187750.00,2.71,100.00,91.25,95.34,66.00,91.78,Very High
PRJ_NGO_00174_6,7270800.00,8005129.00,9.17,85.11,100.00,90.65,85.50,90.00,Very High
PRJ_NGO_00174_5,3435300.00,3724935.75,7.78,85.00,100.00,84.77,91.00,89.60,High
PRJ_NGO_00174_4,7825500.00,8371002.00,6.52,100.00,99.83,91.35,98.50,98.00,Very High
PRJ_NGO_00174_3,6788400.00,7189384.00,5.58,83.63,100.00,99.72,99.50,93.32,Very High
PRJ_NGO_00174_2,8186400.00,9146497.00,10.50,100.00,100.00,99.21,100.00,99.84,Very High
PRJ_NGO_00174_1,1556500.00,2228077.50,30.14,59.72,100.00,85.37,100.00,80.96,High
PRJ_NGO_00175_2,2021600.00,3528609.25,42.71,43.23,96.50,81.90,60.00,66.80,Moderate
PRJ_NGO_00175_1,167500.00,205298.77,18.41,93.18,100.00,80.25,79.50,90.25,Very High
PRJ_NGO_00176_5,19542600.00,18196960.00,7.39,85.00,91.25,100.00,60.00,85.81,High
PRJ_NGO_00176_4,30087500.00,29286374.00,2.74,90.00,100.00,100.00,82.00,93.30,Very High
PRJ_NGO_00176_3,5501300.00,5538868.00,0.68,100.00,100.00,100.00,87.50,98.12,Very High
PRJ_NGO_00176_2,12489200.00,8904589.00,40.26,39.36,100.00,100.00,95.00,74.99,Moderate
PRJ_NGO_00176_1,13063200.00,8604735.00,51.81,9.09,100.00,100.00,96.50,63.11,Moderate
PRJ_NGO_00178_2,2869800.00,4017664.25,28.57,47.86,96.50,86.44,68.00,70.76,Moderate
PRJ_NGO_00178_1,1175800.00,2945160.00,60.08,9.96,100.00,96.53,89.50,61.72,Moderate
PRJ_NGO_00179_4,5995800.00,6989400.00,14.22,100.00,96.50,100.00,65.00,93.88,Very High
PRJ_NGO_00179_3,9335600.00,9284568.00,0.55,75.49,100.00,98.01,89.00,88.15,High
PRJ_NGO_00179_2,11045100.00,11564154.00,4.49,85.00,100.00,100.00,89.00,92.35,Very High
PRJ_NGO_00179_1,3606900.00,3354119.25,7.54,94.33,100.00,87.97,95.00,94.58,Very High
PRJ_NGO_00180_1,23012800.00,15909196.00,44.65,25.56,91.25,100.00,60.00,62.04,Moderate
PRJ_NGO_00181_1,6791200.00,6176612.00,9.95,90.00,96.50,100.00,62.00,89.42,High
PRJ_NGO_00182_7,5527400.00,6845413.50,19.25,91.49,91.25,84.51,68.00,86.51,High
PRJ_NGO_00182_6,3133600.00,4284454.00,26.86,76.28,100.00,81.59,91.00,85.48,High
PRJ_NGO_00182_5,2321400.00,3587345.75,35.29,44.42,100.00,79.09,92.50,72.46,Moderate
PRJ_NGO_00182_4,2322200.00,2979691.25,22.07,85.87,100.00,80.40,99.50,90.35,Very High
PRJ_NGO_00182_3,3301200.00,5502923.50,40.01,49.97,100.00,82.75,99.50,76.46,High
PRJ_NGO_00182_2,991300.00,1486192.50,33.30,48.40,100.00,83.11,100.00,75.98,High
PRJ_NGO_00182_1,2594800.00,5102815.00,49.15,27.13,100.00,81.45,100.00,67.14,Moderate
PRJ_NGO_00183_4,585100.00,972281.38,39.82,40.36,96.50,79.34,66.00,66.04,Moderate
PRJ_NGO_00183_3,470300.00,970950.50,51.56,14.22,100.00,87.48,82.50,60.56,Moderate
PRJ_NGO_00183_2,4310300.00,10575849.00,59.24,10.38,93.00,86.43,84.00,57.29,Low
PRJ_NGO_00183_1,1711600.00,3435212.00,50.17,15.14,100.00,82.48,94.50,61.73,Moderate
PRJ_NGO_00184_2,462500.00,548254.56,15.64,98.72,96.50,91.16,68.00,92.04,Very High
PRJ_NGO_00184_1,10730100.00,9840913.00,9.04,82.78,83.45,100.00,87.00,87.02,High
PRJ_NGO_00186_3,4759900.00,4249820.50,12.00,100.00,96.50,100.00,68.00,94.33,Very High
PRJ_NGO_00186_2,6079300.00,5010395.00,21.33,87.33,100.00,88.10,85.50,90.38,Very High
PRJ_NGO_00186_1,10495400.00,7586446.00,38.34,43.31,100.00,100.00,86.50,75.30,High
PRJ_NGO_00188_1,7960400.00,3081733.00,158.31,0.00,91.25,90.35,62.00,50.18,Low
PRJ_NGO_00189_4,5317300.00,9391075.00,43.38,41.55,91.25,84.69,60.00,65.37,Moderate
PRJ_NGO_00189_3,4415400.00,6799862.00,35.07,55.30,100.00,87.43,85.50,77.43,High
PRJ_NGO_00189_2,450500.00,315360.28,42.85,42.87,100.00,83.54,87.00,71.91,Moderate
PRJ_NGO_00189_1,1061200.00,1470923.25,27.85,64.29,100.00,79.93,94.50,80.88,High
PRJ_NGO_00190_4,3201900.00,3289552.00,2.66,100.00,96.50,91.36,60.00,91.40,Very High
PRJ_NGO_00190_3,10091600.00,8999773.00,12.13,100.00,100.00,100.00,76.50,96.47,Very High
PRJ_NGO_00190_2,2415300.00,2460108.50,1.82,90.29,100.00,100.00,81.00,93.27,Very High
PRJ_NGO_00190_1,7204100.00,6891220.00,4.54,91.38,100.00,100.00,88.50,94.83,Very High
PRJ_NGO_00191_4,5918900.00,7235683.00,18.20,78.60,96.50,100.00,64.00,85.17,High
PRJ_NGO_00191_3,6302000.00,7261314.00,13.21,85.00,100.00,88.41,87.00,89.73,High
PRJ_NGO_00191_2,6793400.00,6393165.00,6.26,90.00,100.00,95.94,92.50,94.06,Very High
PRJ_NGO_00191_1,3601300.00,3565001.00,1.02,92.65,100.00,100.00,100.00,97.06,Very High
PRJ_NGO_00193_6,9065200.00,8962878.00,1.14,80.93,91.25,92.91,66.00,83.67,High
PRJ_NGO_00193_5,3166900.00,3012991.50,5.11,90.00,100.00,95.50,90.00,93.60,Very High
PRJ_NGO_00193_4,768700.00,1141941.00,32.68,64.63,100.00,89.79,91.50,82.54,High
PRJ_NGO_00193_3,14111500.00,14771565.00,4.47,80.49,100.00,100.00,99.00,92.05,Very High
PRJ_NGO_00193_2,7166200.00,7366302.50,2.72,90.00,100.00,96.17,100.00,95.23,Very High
PRJ_NGO_00193_1,9574900.00,8465227.00,13.11,100.00,100.00,96.65,100.00,99.33,Very High
PRJ_NGO_00195_5,1998300.00,2124102.25,5.92,90.00,96.50,83.89,68.00,87.10,High
PRJ_NGO_00195_4,4630200.00,5101730.00,9.24,90.00,100.00,100.00,89.50,94.42,Very High
PRJ_NGO_00195_3,936500.00,960038.06,2.45,100.00,100.00,94.70,89.50,97.36,Very High
PRJ_NGO_00195_2,2080200.00,2332413.75,10.81,100.00,100.00,87.69,95.50,96.86,Very High
PRJ_NGO_00195_1,6230800.00,9396049.00,33.69,37.63,100.00,94.23,95.50,73.22,Moderate
PRJ_NGO_00196_4,7388600.00,6599383.00,11.96,100.00,96.50,100.00,60.00,93.12,Very High
PRJ_NGO_00196_5,3583300.00,3998072.75,10.37,100.00,100.00,100.00,77.50,96.62,Very High
PRJ_NGO_00196_3,7511000.00,6313088.00,18.98,88.05,100.00,98.37,79.00,91.74,Very High
PRJ_NGO_00196_2,11330200.00,9923350.00,14.18,93.33,100.00,100.00,89.50,95.76,Very High
PRJ_NGO_00196_1,5380800.00,4148084.50,29.72,63.49,100.00,100.00,91.00,84.05,High
PRJ_NGO_00197_7,1414600.00,1381920.62,2.36,100.00,96.50,90.79,62.00,91.58,Very High
PRJ_NGO_00197_6,15574100.00,14584578.00,6.78,89.44,91.81,100.00,79.50,90.65,Very High
PRJ_NGO_00197_5,4653200.00,3687305.75,26.20,52.61,100.00,91.69,84.00,76.98,High
PRJ_NGO_00197_4,4082100.00,3726735.25,9.54,80.28,100.00,92.87,91.50,89.41,High
PRJ_NGO_00197_3,2092800.00,2047939.50,2.19,92.12,100.00,93.65,93.00,94.53,Very High
PRJ_NGO_00197_2,6410900.00,5444593.50,17.75,88.01,100.00,100.00,100.00,95.20,Very High
PRJ_NGO_00197_1,710400.00,1588055.88,55.27,0.00,100.00,100.00,100.00,60.00,Moderate
PRJ_NGO_00198_1,12258400.00,12660310.00,3.17,90.00,91.25,98.96,62.00,87.90,High
PRJ_NGO_00199_6,10012800.00,9767461.00,2.51,90.00,91.25,99.66,60.00,87.74,High
PRJ_NGO_00199_4,10904300.00,10750297.00,1.43,100.00,100.00,100.00,80.50,97.08,Very High
PRJ_NGO_00199_5,9121900.00,9231226.00,1.18,83.13,100.00,97.77,80.50,89.88,High
PRJ_NGO_00199_7,17361400.00,16468381.00,5.42,90.00,100.00,100.00,86.50,93.97,Very High
PRJ_NGO_00199_3,938900.00,991078.94,5.26,91.99,100.00,91.50,92.00,93.89,Very High
PRJ_NGO_00199_2,9279800.00,9182096.00,1.06,88.11,100.00,100.00,99.50,95.17,Very High
PRJ_NGO_00199_1,4970800.00,5112559.00,2.77,100.00,100.00,91.01,100.00,98.20,Very High
PRJ_NGO_00200_6,10258200.00,9709216.00,5.65,85.00,96.50,100.00,60.00,87.12,High
PRJ_NGO_00200_4,14822400.00,13700774.00,8.19,90.00,100.00,99.42,83.00,93.33,Very High
PRJ_NGO_00200_7,5907900.00,5155875.00,14.59,90.00,100.00,100.00,87.00,94.05,Very High
PRJ_NGO_00200_5,10925600.00,10649530.00,2.59,94.30,100.00,92.16,93.00,95.10,Very High
PRJ_NGO_00200_3,928800.00,1886852.12,50.78,13.87,100.00,100.00,94.50,64.72,Moderate
PRJ_NGO_00200_2,1796700.00,1986542.38,9.56,92.21,100.00,100.00,100.00,96.88,Very High
PRJ_NGO_00200_1,1590000.00,1662823.00,4.38,90.67,100.00,100.00,100.00,96.27,Very High
