project_id,start_year,actual expected_budget_inr,actual_expected_budget_inr,predicted_expected_budget_inr,prediction_error,prediction_error_percentage,split_group
PRJ_NGO_00084_7,2018,13466600.00,13466600.00,13905362.00,438762.00,3.26,train
PRJ_NGO_00133_7,2018,14182900.00,14182900.00,13167790.00,-1015110.00,-7.16,train
PRJ_NGO_00066_7,2018,4042400.00,4042400.00,4262342.50,219942.50,5.44,train
PRJ_NGO_00174_7,2018,7965600.00,7965600.00,8187750.00,222150.00,2.79,train
PRJ_NGO_00197_7,2018,1414600.00,1414600.00,1381920.62,-32679.38,-2.31,train
PRJ_NGO_00097_7,2018,5087900.00,5087900.00,5534873.50,446973.50,8.79,train
PRJ_NGO_00101_7,2018,3737100.00,3737100.00,3930876.25,193776.25,5.19,train
PRJ_NGO_00137_7,2018,5228300.00,5228300.00,6042880.00,814580.00,15.58,train
PRJ_NGO_00166_7,2018,10359700.00,10359700.00,11279121.00,919421.00,8.87,train
PRJ_NGO_00092_7,2018,1917100.00,1917100.00,1860634.75,-56465.25,-2.95,train
PRJ_NGO_00046_7,2018,10414100.00,10414100.00,9967873.00,-446227.00,-4.28,train
PRJ_NGO_00138_7,2018,12919700.00,12919700.00,13061845.00,142145.00,1.10,train
PRJ_NGO_00066_6,2019,2320200.00,2320200.00,2361533.25,41333.25,1.78,train
PRJ_NGO_00087_7,2019,14562000.00,14562000.00,13142789.00,-1419211.00,-9.75,train
PRJ_NGO_00137_6,2019,7860400.00,7860400.00,7951792.00,91392.00,1.16,train
PRJ_NGO_00152_6,2019,11123000.00,11123000.00,10330936.00,-792064.00,-7.12,train
PRJ_NGO_00197_6,2019,15574100.00,15574100.00,14584578.00,-989522.00,-6.35,train
PRJ_NGO_00044_6,2019,6770200.00,6770200.00,7878064.50,1107864.50,16.36,train
PRJ_NGO_00092_6,2019,11896700.00,11896700.00,11194192.00,-702508.00,-5.91,train
PRJ_NGO_00125_6,2019,500600.00,500600.00,341534.28,-159065.72,-31.78,train
PRJ_NGO_00101_6,2019,8283400.00,8283400.00,6746998.00,-1536402.00,-18.55,train
PRJ_NGO_00138_6,2019,1951400.00,1951400.00,2552895.00,601495.00,30.82,train
PRJ_NGO_00166_6,2019,11825000.00,11825000.00,11789446.00,-35554.00,-0.30,train
PRJ_NGO_00193_6,2019,9065200.00,9065200.00,8962878.00,-102322.00,-1.13,train
PRJ_NGO_00084_6,2019,4306700.00,4306700.00,5323063.00,1016363.00,23.60,train
PRJ_NGO_00097_6,2019,6665500.00,6665500.00,7048078.00,382578.00,5.74,train
PRJ_NGO_00182_7,2019,5527400.00,5527400.00,6845413.50,1318013.50,23.85,train
PRJ_NGO_00003_6,2019,2536200.00,2536200.00,2174480.25,-361719.75,-14.26,train
PRJ_NGO_00063_6,2019,2523200.00,2523200.00,2866874.00,343674.00,13.62,train
PRJ_NGO_00133_6,2019,2681600.00,2681600.00,2451797.50,-229802.50,-8.57,train
PRJ_NGO_00002_7,2019,11541600.00,11541600.00,11721805.00,180205.00,1.56,train
PRJ_NGO_00046_6,2019,6946600.00,6946600.00,7385253.50,438653.50,6.31,train
PRJ_NGO_00061_7,2019,2579400.00,2579400.00,3223942.25,644542.25,24.99,train
PRJ_NGO_00069_6,2019,2991900.00,2991900.00,3245649.25,253749.25,8.48,train
PRJ_NGO_00168_6,2019,5492800.00,5492800.00,6099804.50,607004.50,11.05,train
PRJ_NGO_00174_6,2019,7270800.00,7270800.00,8005129.00,734329.00,10.10,train
PRJ_NGO_00025_6,2019,2106000.00,2106000.00,1965325.12,-140674.88,-6.68,train
PRJ_NGO_00126_6,2019,942800.00,942800.00,1010605.06,67805.06,7.19,train
PRJ_NGO_00082_6,2019,13028600.00,13028600.00,13134379.00,105779.00,0.81,train
PRJ_NGO_00091_6,2019,5674000.00,5674000.00,5812219.00,138219.00,2.44,train
PRJ_NGO_00147_7,2019,18848400.00,18848400.00,19104196.00,255796.00,1.36,train
PRJ_NGO_00002_6,2019,22570900.00,22570900.00,21519872.00,-1051028.00,-4.66,train
PRJ_NGO_00030_6,2019,1188400.00,1188400.00,1417481.75,229081.75,19.28,train
PRJ_NGO_00047_6,2019,3957600.00,3957600.00,4106122.00,148522.00,3.75,train
PRJ_NGO_00072_6,2019,7830100.00,7830100.00,7945363.50,115263.50,1.47,train
PRJ_NGO_00078_6,2019,1728500.00,1728500.00,2313702.75,585202.75,33.86,train
PRJ_NGO_00124_6,2019,1839500.00,1839500.00,2509406.00,669906.00,36.42,train
PRJ_NGO_00063_5,2020,660100.00,660100.00,964168.44,304068.44,46.06,train
PRJ_NGO_00182_6,2020,3133600.00,3133600.00,4284454.00,1150854.00,36.73,train
PRJ_NGO_00003_5,2020,8697100.00,8697100.00,8957469.00,260369.00,2.99,train
PRJ_NGO_00124_5,2020,8301900.00,8301900.00,9178373.00,876473.00,10.56,train
PRJ_NGO_00147_6,2020,17595800.00,17595800.00,16647664.00,-948136.00,-5.39,train
PRJ_NGO_00197_5,2020,4653200.00,4653200.00,3687305.75,-965894.25,-20.76,train
PRJ_NGO_00006_5,2020,1495200.00,1495200.00,1113926.75,-381273.25,-25.50,train
PRJ_NGO_00044_5,2020,1265300.00,1265300.00,1385754.38,120454.38,9.52,train
PRJ_NGO_00072_5,2020,5231400.00,5231400.00,5000240.00,-231160.00,-4.42,train
PRJ_NGO_00084_5,2020,12857200.00,12857200.00,13905740.00,1048540.00,8.16,train
PRJ_NGO_00115_5,2020,5248400.00,5248400.00,4719773.00,-528627.00,-10.07,train
PRJ_NGO_00121_5,2020,2431300.00,2431300.00,2692804.00,261504.00,10.76,train
PRJ_NGO_00152_5,2020,13982400.00,13982400.00,12092391.00,-1890009.00,-13.52,train
PRJ_NGO_00174_5,2020,3435300.00,3435300.00,3724935.75,289635.75,8.43,train
PRJ_NGO_00195_5,2020,1998300.00,1998300.00,2124102.25,125802.25,6.30,train
PRJ_NGO_00011_5,2020,3869500.00,3869500.00,3681647.25,-187852.75,-4.85,train
PRJ_NGO_00061_6,2020,12264700.00,12264700.00,11330503.00,-934197.00,-7.62,train
PRJ_NGO_00111_5,2020,4056900.00,4056900.00,3338684.50,-718215.50,-17.70,train
PRJ_NGO_00025_5,2020,13041300.00,13041300.00,12709964.00,-331336.00,-2.54,train
PRJ_NGO_00048_5,2020,1856200.00,1856200.00,1532668.25,-323531.75,-17.43,train
PRJ_NGO_00154_6,2020,3229400.00,3229400.00,2941760.25,-287639.75,-8.91,train
PRJ_NGO_00022_5,2020,13365800.00,13365800.00,12032088.00,-1333712.00,-9.98,train
PRJ_NGO_00085_5,2020,12279900.00,12279900.00,10403033.00,-1876867.00,-15.28,train
PRJ_NGO_00166_5,2020,21446300.00,21446300.00,20739626.00,-706674.00,-3.30,train
PRJ_NGO_00087_6,2020,10574400.00,10574400.00,10343960.00,-230440.00,-2.18,train
PRJ_NGO_00089_5,2020,2344400.00,2344400.00,2660652.25,316252.25,13.49,train
PRJ_NGO_00090_5,2020,657400.00,657400.00,92133.41,-565266.59,-85.99,train
PRJ_NGO_00091_5,2020,5253600.00,5253600.00,5177509.00,-76091.00,-1.45,train
PRJ_NGO_00126_5,2020,2694400.00,2694400.00,3283463.50,589063.50,21.86,train
PRJ_NGO_00134_5,2020,3421600.00,3421600.00,2474998.75,-946601.25,-27.67,train
PRJ_NGO_00137_5,2020,1794600.00,1794600.00,2056584.38,261984.38,14.60,train
PRJ_NGO_00146_5,2020,5341700.00,5341700.00,5010025.00,-331675.00,-6.21,train
PRJ_NGO_00078_5,2020,1190200.00,1190200.00,1888032.75,697832.75,58.63,train
PRJ_NGO_00092_5,2020,434200.00,434200.00,70171.45,-364028.55,-83.84,train
PRJ_NGO_00097_5,2020,1003000.00,1003000.00,711152.75,-291847.25,-29.10,train
PRJ_NGO_00138_5,2020,18174000.00,18174000.00,17950392.00,-223608.00,-1.23,train
PRJ_NGO_00139_5,2020,8072100.00,8072100.00,8202793.00,130693.00,1.62,train
PRJ_NGO_00154_5,2020,2781700.00,2781700.00,2631168.75,-150531.25,-5.41,train
PRJ_NGO_00168_5,2020,5475000.00,5475000.00,5637407.00,162407.00,2.97,train
PRJ_NGO_00193_5,2020,3166900.00,3166900.00,3012991.50,-153908.50,-4.86,train
PRJ_NGO_00013_6,2020,7495300.00,7495300.00,7528721.00,33421.00,0.45,train
PRJ_NGO_00066_5,2020,5481800.00,5481800.00,6446716.00,964916.00,17.60,train
PRJ_NGO_00082_5,2020,1394900.00,1394900.00,1316892.62,-78007.38,-5.59,train
PRJ_NGO_00123_5,2020,2942700.00,2942700.00,3469269.50,526569.50,17.89,train
PRJ_NGO_00002_5,2020,28952000.00,28952000.00,27830558.00,-1121442.00,-3.87,train
PRJ_NGO_00069_5,2020,5459500.00,5459500.00,6224014.50,764514.50,14.00,train
PRJ_NGO_00101_5,2020,7454300.00,7454300.00,7011963.00,-442337.00,-5.93,train
PRJ_NGO_00125_5,2020,6183600.00,6183600.00,7467635.50,1284035.50,20.77,train
PRJ_NGO_00129_5,2020,8279300.00,8279300.00,8725438.00,446138.00,5.39,train
PRJ_NGO_00065_5,2020,17454100.00,17454100.00,17370612.00,-83488.00,-0.48,train
PRJ_NGO_00077_5,2020,16070700.00,16070700.00,13856128.00,-2214572.00,-13.78,train
PRJ_NGO_00019_5,2020,1266900.00,1266900.00,1312483.88,45583.88,3.60,train
PRJ_NGO_00030_5,2020,6237100.00,6237100.00,6188621.50,-48478.50,-0.78,train
PRJ_NGO_00046_5,2020,2593400.00,2593400.00,2229196.50,-364203.50,-14.04,train
PRJ_NGO_00047_5,2020,3094400.00,3094400.00,3333108.75,238708.75,7.71,train
PRJ_NGO_00133_5,2020,13560800.00,13560800.00,12899638.00,-661162.00,-4.88,train
PRJ_NGO_00150_5,2020,7695200.00,7695200.00,8510436.00,815236.00,10.59,train
PRJ_NGO_00170_5,2020,4153900.00,4153900.00,4187904.00,34004.00,0.82,train
PRJ_NGO_00012_5,2021,489500.00,489500.00,925202.94,435702.94,89.01,train
PRJ_NGO_00053_7,2021,767000.00,767000.00,826499.12,59499.12,7.76,train
PRJ_NGO_00117_4,2021,7368800.00,7368800.00,10327047.00,2958247.00,40.15,train
PRJ_NGO_00150_4,2021,5663200.00,5663200.00,6082600.50,419400.50,7.41,train
PRJ_NGO_00154_4,2021,2856500.00,2856500.00,2943498.25,86998.25,3.05,train
PRJ_NGO_00170_4,2021,1150700.00,1150700.00,1291820.50,141120.50,12.26,train
PRJ_NGO_00195_4,2021,4630200.00,4630200.00,5101730.00,471530.00,10.18,train
PRJ_NGO_00200_6,2021,10258200.00,10258200.00,9709216.00,-548984.00,-5.35,train
PRJ_NGO_00002_4,2021,8741000.00,8741000.00,7908098.50,-832901.50,-9.53,train
PRJ_NGO_00015_4,2021,23049600.00,23049600.00,21109702.00,-1939898.00,-8.42,train
PRJ_NGO_00025_4,2021,9854000.00,9854000.00,9853361.00,-639.00,-0.01,train
PRJ_NGO_00046_4,2021,2093400.00,2093400.00,2052157.38,-41242.62,-1.97,train
PRJ_NGO_00078_4,2021,3209000.00,3209000.00,5287767.50,2078767.50,64.78,train
PRJ_NGO_00084_4,2021,9359500.00,9359500.00,9191891.00,-167609.00,-1.79,train
PRJ_NGO_00111_4,2021,3675300.00,3675300.00,2974032.75,-701267.25,-19.08,train
PRJ_NGO_00112_5,2021,8585900.00,8585900.00,10517674.00,1931774.00,22.50,train
PRJ_NGO_00115_4,2021,4340400.00,4340400.00,4594349.00,253949.00,5.85,train
PRJ_NGO_00137_4,2021,1881800.00,1881800.00,2224676.75,342876.75,18.22,train
PRJ_NGO_00169_4,2021,15219100.00,15219100.00,14513272.00,-705828.00,-4.64,train
PRJ_NGO_00006_4,2021,8019800.00,8019800.00,9250348.00,1230548.00,15.34,train
PRJ_NGO_00012_4,2021,831000.00,831000.00,1441966.25,610966.25,73.52,train
PRJ_NGO_00041_4,2021,2998500.00,2998500.00,3454992.50,456492.50,15.22,train
PRJ_NGO_00053_5,2021,3735600.00,3735600.00,5087841.50,1352241.50,36.20,train
PRJ_NGO_00063_4,2021,1205000.00,1205000.00,1934721.88,729721.88,60.56,train
PRJ_NGO_00086_5,2021,9987300.00,9987300.00,8779117.00,-1208183.00,-12.10,train
PRJ_NGO_00123_4,2021,3351500.00,3351500.00,3652927.25,301427.25,8.99,train
PRJ_NGO_00125_4,2021,8395400.00,8395400.00,9639450.00,1244050.00,14.82,train
PRJ_NGO_00133_4,2021,9087800.00,9087800.00,8743128.00,-344672.00,-3.79,train
PRJ_NGO_00164_5,2021,3215400.00,3215400.00,3455404.25,240004.25,7.46,train
PRJ_NGO_00199_6,2021,10012800.00,10012800.00,9767461.00,-245339.00,-2.45,train
PRJ_NGO_00086_6,2021,7173700.00,7173700.00,6711020.00,-462680.00,-6.45,train
PRJ_NGO_00091_4,2021,8738100.00,8738100.00,8586006.00,-152094.00,-1.74,train
PRJ_NGO_00124_4,2021,6791900.00,6791900.00,6902728.50,110828.50,1.63,train
PRJ_NGO_00135_4,2021,3228600.00,3228600.00,4301537.00,1072937.00,33.23,train
PRJ_NGO_00138_4,2021,15628200.00,15628200.00,15143227.00,-484973.00,-3.10,train
PRJ_NGO_00141_4,2021,11500100.00,11500100.00,12205073.00,704973.00,6.13,train
PRJ_NGO_00013_5,2021,546200.00,546200.00,758142.25,211942.25,38.80,train
PRJ_NGO_00044_4,2021,1517100.00,1517100.00,1917964.38,400864.38,26.42,train
PRJ_NGO_00061_5,2021,3434600.00,3434600.00,3337964.75,-96635.25,-2.81,train
PRJ_NGO_00077_4,2021,1837800.00,1837800.00,1871966.88,34166.88,1.86,train
PRJ_NGO_00121_4,2021,4452100.00,4452100.00,4320538.50,-131561.50,-2.96,train
PRJ_NGO_00152_4,2021,7574300.00,7574300.00,7921705.00,347405.00,4.59,train
PRJ_NGO_00200_4,2021,14822400.00,14822400.00,13700774.00,-1121626.00,-7.57,train
PRJ_NGO_00053_6,2021,1679100.00,1679100.00,1765573.88,86473.88,5.15,train
PRJ_NGO_00126_4,2021,6793500.00,6793500.00,8924059.00,2130559.00,31.36,train
PRJ_NGO_00134_4,2021,12193400.00,12193400.00,14775654.00,2582254.00,21.18,train
PRJ_NGO_00164_4,2021,11499900.00,11499900.00,12055126.00,555226.00,4.83,train
PRJ_NGO_00174_4,2021,7825500.00,7825500.00,8371002.00,545502.00,6.97,train
PRJ_NGO_00197_4,2021,4082100.00,4082100.00,3726735.25,-355364.75,-8.71,train
PRJ_NGO_00072_4,2021,1720400.00,1720400.00,2238988.00,518588.00,30.14,train
PRJ_NGO_00085_4,2021,18306300.00,18306300.00,17602302.00,-703998.00,-3.85,train
PRJ_NGO_00118_4,2021,711500.00,711500.00,561635.44,-149864.56,-21.06,train
PRJ_NGO_00146_4,2021,12374500.00,12374500.00,10685810.00,-1688690.00,-13.65,train
PRJ_NGO_00166_4,2021,22341200.00,22341200.00,22103262.00,-237938.00,-1.07,train
PRJ_NGO_00193_4,2021,768700.00,768700.00,1141941.00,373241.00,48.55,train
PRJ_NGO_00199_4,2021,10904300.00,10904300.00,10750297.00,-154003.00,-1.41,train
PRJ_NGO_00016_4,2021,16119900.00,16119900.00,14120365.00,-1999535.00,-12.40,train
PRJ_NGO_00020_4,2021,4423900.00,4423900.00,5792805.00,1368905.00,30.94,train
PRJ_NGO_00035_4,2021,7263500.00,7263500.00,7964936.00,701436.00,9.66,train
PRJ_NGO_00047_4,2021,3602300.00,3602300.00,3936002.75,333702.75,9.26,train
PRJ_NGO_00051_4,2021,18204200.00,18204200.00,17706820.00,-497380.00,-2.73,train
PRJ_NGO_00066_4,2021,9190100.00,9190100.00,8340121.50,-849978.50,-9.25,train
PRJ_NGO_00101_4,2021,9077300.00,9077300.00,8587678.00,-489622.00,-5.39,train
PRJ_NGO_00112_6,2021,4145500.00,4145500.00,4956444.00,810944.00,19.56,train
PRJ_NGO_00148_4,2021,2643500.00,2643500.00,3180883.75,537383.75,20.33,train
PRJ_NGO_00196_4,2021,7388600.00,7388600.00,6599383.00,-789217.00,-10.68,train
PRJ_NGO_00199_5,2021,9121900.00,9121900.00,9231226.00,109326.00,1.20,train
PRJ_NGO_00021_6,2021,3524200.00,3524200.00,3259603.75,-264596.25,-7.51,train
PRJ_NGO_00065_4,2021,6570300.00,6570300.00,6504739.50,-65560.50,-1.00,train
PRJ_NGO_00087_5,2021,23237300.00,23237300.00,21071246.00,-2166054.00,-9.32,train
PRJ_NGO_00090_4,2021,5535700.00,5535700.00,5099135.50,-436564.50,-7.89,train
PRJ_NGO_00097_4,2021,1006400.00,1006400.00,1268048.00,261648.00,26.00,train
PRJ_NGO_00189_4,2021,5317300.00,5317300.00,9391075.00,4073775.00,76.61,train
PRJ_NGO_00196_5,2021,3583300.00,3583300.00,3998072.75,414772.75,11.58,train
PRJ_NGO_00199_7,2021,17361400.00,17361400.00,16468381.00,-893019.00,-5.14,train
PRJ_NGO_00200_7,2021,5907900.00,5907900.00,5155875.00,-752025.00,-12.73,train
PRJ_NGO_00021_5,2021,1020500.00,1020500.00,909242.38,-111257.62,-10.90,train
PRJ_NGO_00030_4,2021,6621400.00,6621400.00,6718396.00,96996.00,1.46,train
PRJ_NGO_00053_4,2021,2747200.00,2747200.00,3522771.75,775571.75,28.23,train
PRJ_NGO_00069_4,2021,1061300.00,1061300.00,561981.69,-499318.31,-47.05,train
PRJ_NGO_00112_4,2021,16656600.00,16656600.00,18622862.00,1966262.00,11.80,train
PRJ_NGO_00120_4,2021,4846100.00,4846100.00,4742651.00,-103449.00,-2.13,train
PRJ_NGO_00129_4,2021,11076100.00,11076100.00,10695980.00,-380120.00,-3.43,train
PRJ_NGO_00139_4,2021,10178600.00,10178600.00,10351528.00,172928.00,1.70,train
PRJ_NGO_00168_4,2021,8791600.00,8791600.00,8193743.50,-597856.50,-6.80,train
PRJ_NGO_00179_4,2021,5995800.00,5995800.00,6989400.00,993600.00,16.57,train
PRJ_NGO_00182_5,2021,2321400.00,2321400.00,3587345.75,1265945.75,54.53,train
PRJ_NGO_00022_4,2021,13330700.00,13330700.00,12174665.00,-1156035.00,-8.67,train
PRJ_NGO_00062_4,2021,4352800.00,4352800.00,3612601.75,-740198.25,-17.01,train
PRJ_NGO_00082_4,2021,29804100.00,29804100.00,28111816.00,-1692284.00,-5.68,train
PRJ_NGO_00086_4,2021,11752900.00,11752900.00,9684036.00,-2068864.00,-17.60,train
PRJ_NGO_00089_4,2021,2449700.00,2449700.00,3506550.50,1056850.50,43.14,train
PRJ_NGO_00147_5,2021,9080700.00,9080700.00,8363257.00,-717443.00,-7.90,train
PRJ_NGO_00003_4,2021,10431600.00,10431600.00,9899171.00,-532429.00,-5.10,train
PRJ_NGO_00011_4,2021,5060400.00,5060400.00,5367788.50,307388.50,6.07,train
PRJ_NGO_00019_4,2021,2618900.00,2618900.00,3104614.25,485714.25,18.55,train
PRJ_NGO_00020_5,2021,1937700.00,1937700.00,2327405.75,389705.75,20.11,train
PRJ_NGO_00021_4,2021,8476000.00,8476000.00,7636851.50,-839148.50,-9.90,train
PRJ_NGO_00021_7,2021,24445400.00,24445400.00,23673256.00,-772144.00,-3.16,train
PRJ_NGO_00048_4,2021,8934300.00,8934300.00,7443566.50,-1490733.50,-16.69,train
PRJ_NGO_00051_5,2021,2871800.00,2871800.00,2481438.25,-390361.75,-13.59,train
PRJ_NGO_00052_5,2021,1988900.00,1988900.00,1736372.38,-252527.62,-12.70,train
PRJ_NGO_00092_4,2021,6137900.00,6137900.00,6355571.50,217671.50,3.55,train
PRJ_NGO_00171_4,2021,2407600.00,2407600.00,2818223.50,410623.50,17.06,train
PRJ_NGO_00200_5,2021,10925600.00,10925600.00,10649530.00,-276070.00,-2.53,train
PRJ_NGO_00047_3,2022,4544700.00,4544700.00,5016107.00,471407.00,10.37,train
PRJ_NGO_00063_3,2022,1567300.00,1567300.00,2032873.12,465573.12,29.71,train
PRJ_NGO_00089_3,2022,4614500.00,4614500.00,5159737.00,545237.00,11.82,train
PRJ_NGO_00091_3,2022,8234400.00,8234400.00,7892971.50,-341428.50,-4.15,train
PRJ_NGO_00098_3,2022,8812000.00,8812000.00,8006270.00,-805730.00,-9.14,train
PRJ_NGO_00119_3,2022,5501800.00,5501800.00,4913848.50,-587951.50,-10.69,train
PRJ_NGO_00140_5,2022,15105600.00,15105600.00,15003097.00,-102503.00,-0.68,train
PRJ_NGO_00148_3,2022,1611600.00,1611600.00,2693702.75,1082102.75,67.14,train
PRJ_NGO_00168_3,2022,12607400.00,12607400.00,10602759.00,-2004641.00,-15.90,train
PRJ_NGO_00197_3,2022,2092800.00,2092800.00,2047939.50,-44860.50,-2.14,train
PRJ_NGO_00046_3,2022,4841800.00,4841800.00,5562899.50,721099.50,14.89,train
PRJ_NGO_00055_6,2022,1583900.00,1583900.00,1427628.75,-156271.25,-9.87,train
PRJ_NGO_00071_3,2022,3830200.00,3830200.00,4248315.50,418115.50,10.92,train
PRJ_NGO_00072_3,2022,3962800.00,3962800.00,4259601.50,296801.50,7.49,train
PRJ_NGO_00080_3,2022,3533600.00,3533600.00,4057084.25,523484.25,14.81,train
PRJ_NGO_00085_3,2022,5891300.00,5891300.00,6291171.00,399871.00,6.79,train
PRJ_NGO_00090_3,2022,10770000.00,10770000.00,8440364.00,-2329636.00,-21.63,train
PRJ_NGO_00098_6,2022,16681900.00,16681900.00,15591586.00,-1090314.00,-6.54,train
PRJ_NGO_00118_3,2022,6268000.00,6268000.00,7083448.50,815448.50,13.01,train
PRJ_NGO_00121_3,2022,9554500.00,9554500.00,9804523.00,250023.00,2.62,train
PRJ_NGO_00140_4,2022,5655300.00,5655300.00,4744292.50,-911007.50,-16.11,train
PRJ_NGO_00166_3,2022,6520500.00,6520500.00,7057422.50,536922.50,8.23,train
PRJ_NGO_00167_6,2022,5986400.00,5986400.00,6856837.50,870437.50,14.54,train
PRJ_NGO_00171_3,2022,2583600.00,2583600.00,3244711.25,661111.25,25.59,train
PRJ_NGO_00020_3,2022,4359000.00,4359000.00,4488835.00,129835.00,2.98,train
PRJ_NGO_00066_3,2022,9672900.00,9672900.00,11331860.00,1658960.00,17.15,train
PRJ_NGO_00067_5,2022,10673100.00,10673100.00,11547910.00,874810.00,8.20,train
PRJ_NGO_00111_3,2022,9655200.00,9655200.00,8751881.00,-903319.00,-9.36,train
PRJ_NGO_00119_4,2022,4292900.00,4292900.00,4047508.50,-245391.50,-5.72,train
PRJ_NGO_00139_3,2022,15035500.00,15035500.00,14956990.00,-78510.00,-0.52,train
PRJ_NGO_00147_4,2022,8141400.00,8141400.00,8499269.00,357869.00,4.40,train
PRJ_NGO_00186_3,2022,4759900.00,4759900.00,4249820.50,-510079.50,-10.72,train
PRJ_NGO_00012_3,2022,256400.00,256400.00,660940.62,404540.62,157.78,train
PRJ_NGO_00019_3,2022,4404400.00,4404400.00,6054915.50,1650515.50,37.47,train
PRJ_NGO_00021_3,2022,9831600.00,9831600.00,8722162.00,-1109438.00,-11.28,train
PRJ_NGO_00027_4,2022,7187900.00,7187900.00,6292441.50,-895458.50,-12.46,train
PRJ_NGO_00028_3,2022,1987000.00,1987000.00,1994698.00,7698.00,0.39,train
PRJ_NGO_00058_3,2022,14694700.00,14694700.00,16882612.00,2187912.00,14.89,train
PRJ_NGO_00110_3,2022,6676800.00,6676800.00,6703551.50,26751.50,0.40,train
PRJ_NGO_00115_3,2022,19047600.00,19047600.00,18215224.00,-832376.00,-4.37,train
PRJ_NGO_00120_3,2022,9267400.00,9267400.00,9758925.00,491525.00,5.30,train
PRJ_NGO_00125_3,2022,5462000.00,5462000.00,6528412.50,1066412.50,19.52,train
PRJ_NGO_00167_3,2022,2980800.00,2980800.00,3369121.50,388321.50,13.03,train
PRJ_NGO_00002_3,2022,7975800.00,7975800.00,7993585.50,17785.50,0.22,train
PRJ_NGO_00014_6,2022,3957300.00,3957300.00,3036179.00,-921121.00,-23.28,train
PRJ_NGO_00023_3,2022,9066500.00,9066500.00,7975525.00,-1090975.00,-12.03,train
PRJ_NGO_00065_3,2022,8806500.00,8806500.00,9194335.00,387835.00,4.40,train
PRJ_NGO_00086_3,2022,1465600.00,1465600.00,1420939.50,-44660.50,-3.05,train
PRJ_NGO_00088_3,2022,4156600.00,4156600.00,4285366.50,128766.50,3.10,train
PRJ_NGO_00094_3,2022,5245900.00,5245900.00,6468597.50,1222697.50,23.31,train
PRJ_NGO_00098_7,2022,3791400.00,3791400.00,3711285.00,-80115.00,-2.11,train
PRJ_NGO_00101_3,2022,2169100.00,2169100.00,2063454.88,-105645.12,-4.87,train
PRJ_NGO_00133_3,2022,2738900.00,2738900.00,2016621.62,-722278.38,-26.37,train
PRJ_NGO_00134_3,2022,8936300.00,8936300.00,9359790.00,423490.00,4.74,train
PRJ_NGO_00170_3,2022,2966700.00,2966700.00,2494626.75,-472073.25,-15.91,train
PRJ_NGO_00176_5,2022,19542600.00,19542600.00,18196960.00,-1345640.00,-6.89,train
PRJ_NGO_00190_4,2022,3201900.00,3201900.00,3289552.00,87652.00,2.74,train
PRJ_NGO_00191_4,2022,5918900.00,5918900.00,7235683.00,1316783.00,22.25,train
PRJ_NGO_00014_3,2022,2763100.00,2763100.00,2079256.00,-683844.00,-24.75,train
PRJ_NGO_00014_5,2022,1281300.00,1281300.00,955295.25,-326004.75,-25.44,train
PRJ_NGO_00015_3,2022,12123900.00,12123900.00,11010066.00,-1113834.00,-9.19,train
PRJ_NGO_00022_3,2022,12448500.00,12448500.00,12704351.00,255851.00,2.06,train
PRJ_NGO_00055_7,2022,11576000.00,11576000.00,12159809.00,583809.00,5.04,train
PRJ_NGO_00067_3,2022,9084900.00,9084900.00,7802965.00,-1281935.00,-14.11,train
PRJ_NGO_00068_3,2022,6112900.00,6112900.00,7221604.50,1108704.50,18.14,train
PRJ_NGO_00084_3,2022,1219600.00,1219600.00,1161592.00,-58008.00,-4.76,train
PRJ_NGO_00107_3,2022,3517700.00,3517700.00,4490919.00,973219.00,27.67,train
PRJ_NGO_00135_3,2022,3440700.00,3440700.00,3939148.50,498448.50,14.49,train
PRJ_NGO_00155_3,2022,11857800.00,11857800.00,9818743.00,-2039057.00,-17.20,train
PRJ_NGO_00162_3,2022,3250200.00,3250200.00,2853747.75,-396452.25,-12.20,train
PRJ_NGO_00173_3,2022,1939700.00,1939700.00,2383819.75,444119.75,22.90,train
PRJ_NGO_00173_5,2022,3178500.00,3178500.00,3914004.50,735504.50,23.14,train
PRJ_NGO_00173_6,2022,8195900.00,8195900.00,9187821.00,991921.00,12.10,train
PRJ_NGO_00182_4,2022,2322200.00,2322200.00,2979691.25,657491.25,28.31,train
PRJ_NGO_00189_3,2022,4415400.00,4415400.00,6799862.00,2384462.00,54.00,train
PRJ_NGO_00195_3,2022,936500.00,936500.00,960038.06,23538.06,2.51,train
PRJ_NGO_00006_3,2022,9307300.00,9307300.00,9605371.00,298071.00,3.20,train
PRJ_NGO_00052_4,2022,4271400.00,4271400.00,4195366.50,-76033.50,-1.78,train
PRJ_NGO_00067_4,2022,10538800.00,10538800.00,8478196.00,-2060604.00,-19.55,train
PRJ_NGO_00087_4,2022,7966600.00,7966600.00,7513184.00,-453416.00,-5.69,train
PRJ_NGO_00097_3,2022,2717200.00,2717200.00,2501370.75,-215829.25,-7.94,train
PRJ_NGO_00113_3,2022,2750800.00,2750800.00,2645373.25,-105426.75,-3.83,train
PRJ_NGO_00145_3,2022,6115800.00,6115800.00,7905027.00,1789227.00,29.26,train
PRJ_NGO_00173_4,2022,5680800.00,5680800.00,5799528.00,118728.00,2.09,train
PRJ_NGO_00199_3,2022,938900.00,938900.00,991078.94,52178.94,5.56,train
PRJ_NGO_00018_3,2022,18550200.00,18550200.00,16504978.00,-2045222.00,-11.03,train
PRJ_NGO_00042_3,2022,8133700.00,8133700.00,7530226.50,-603473.50,-7.42,train
PRJ_NGO_00053_3,2022,1631400.00,1631400.00,1855315.62,223915.62,13.73,train
PRJ_NGO_00062_3,2022,2354500.00,2354500.00,2508351.75,153851.75,6.53,train
PRJ_NGO_00069_3,2022,8473600.00,8473600.00,9900761.00,1427161.00,16.84,train
PRJ_NGO_00078_3,2022,2144300.00,2144300.00,3934802.50,1790502.50,83.50,train
PRJ_NGO_00092_3,2022,9266300.00,9266300.00,9221746.00,-44554.00,-0.48,train
PRJ_NGO_00098_5,2022,7465000.00,7465000.00,8295809.50,830809.50,11.13,train
PRJ_NGO_00114_3,2022,20152400.00,20152400.00,18203248.00,-1949152.00,-9.67,train
PRJ_NGO_00154_3,2022,13357400.00,13357400.00,12060932.00,-1296468.00,-9.71,train
PRJ_NGO_00164_3,2022,1907000.00,1907000.00,2383251.25,476251.25,24.97,train
PRJ_NGO_00014_4,2022,5497100.00,5497100.00,4990002.50,-507097.50,-9.22,train
PRJ_NGO_00025_3,2022,17977000.00,17977000.00,16521116.00,-1455884.00,-8.10,train
PRJ_NGO_00067_6,2022,7748200.00,7748200.00,7410831.50,-337368.50,-4.35,train
PRJ_NGO_00077_3,2022,2084400.00,2084400.00,2103363.25,18963.25,0.91,train
PRJ_NGO_00110_4,2022,21282900.00,21282900.00,20939688.00,-343212.00,-1.61,train
PRJ_NGO_00117_3,2022,3552000.00,3552000.00,4066175.00,514175.00,14.48,train
PRJ_NGO_00124_3,2022,10909100.00,10909100.00,10606824.00,-302276.00,-2.77,train
PRJ_NGO_00126_3,2022,2609600.00,2609600.00,2777878.50,168278.50,6.45,train
PRJ_NGO_00137_3,2022,5197500.00,5197500.00,4942608.50,-254891.50,-4.90,train
PRJ_NGO_00174_3,2022,6788400.00,6788400.00,7189384.00,400984.00,5.91,train
PRJ_NGO_00179_3,2022,9335600.00,9335600.00,9284568.00,-51032.00,-0.55,train
PRJ_NGO_00200_3,2022,928800.00,928800.00,1886852.12,958052.12,103.15,train
PRJ_NGO_00003_3,2022,12260900.00,12260900.00,12188420.00,-72480.00,-0.59,train
PRJ_NGO_00013_4,2022,1936100.00,1936100.00,1885367.50,-50732.50,-2.62,train
PRJ_NGO_00035_3,2022,5076700.00,5076700.00,6113064.00,1036364.00,20.41,train
PRJ_NGO_00041_3,2022,3798400.00,3798400.00,4663052.00,864652.00,22.76,train
PRJ_NGO_00050_3,2022,5597100.00,5597100.00,4312253.00,-1284847.00,-22.96,train
PRJ_NGO_00051_3,2022,14881500.00,14881500.00,14548199.00,-333301.00,-2.24,train
PRJ_NGO_00055_4,2022,3722100.00,3722100.00,3329099.50,-393000.50,-10.56,train
PRJ_NGO_00060_3,2022,272900.00,272900.00,10000.00,-262900.00,-96.34,train
PRJ_NGO_00070_3,2022,7904700.00,7904700.00,8219491.50,314791.50,3.98,train
PRJ_NGO_00082_3,2022,6143100.00,6143100.00,5610032.00,-533068.00,-8.68,train
PRJ_NGO_00112_3,2022,3836700.00,3836700.00,4028098.75,191398.75,4.99,train
PRJ_NGO_00138_3,2022,23084000.00,23084000.00,21155758.00,-1928242.00,-8.35,train
PRJ_NGO_00150_3,2022,3150700.00,3150700.00,4201762.00,1051062.00,33.36,train
PRJ_NGO_00152_3,2022,16200100.00,16200100.00,13802948.00,-2397152.00,-14.80,train
PRJ_NGO_00167_4,2022,2440000.00,2440000.00,2501442.00,61442.00,2.52,train
PRJ_NGO_00176_4,2022,30087500.00,30087500.00,29286374.00,-801126.00,-2.66,train
PRJ_NGO_00183_4,2022,585100.00,585100.00,972281.38,387181.38,66.17,train
PRJ_NGO_00196_3,2022,7511000.00,7511000.00,6313088.00,-1197912.00,-15.95,train
PRJ_NGO_00016_3,2022,14486400.00,14486400.00,12429609.00,-2056791.00,-14.20,train
PRJ_NGO_00048_3,2022,5941000.00,5941000.00,5868495.00,-72505.00,-1.22,train
PRJ_NGO_00061_4,2022,8477400.00,8477400.00,8304939.00,-172461.00,-2.03,train
PRJ_NGO_00098_4,2022,5732300.00,5732300.00,5065318.00,-666982.00,-11.64,train
PRJ_NGO_00102_4,2022,18347000.00,18347000.00,17566672.00,-780328.00,-4.25,train
PRJ_NGO_00109_3,2022,8576400.00,8576400.00,9853225.00,1276825.00,14.89,train
PRJ_NGO_00123_3,2022,2484600.00,2484600.00,2720823.75,236223.75,9.51,train
PRJ_NGO_00140_6,2022,8479200.00,8479200.00,7101723.00,-1377477.00,-16.25,train
PRJ_NGO_00141_3,2022,8706100.00,8706100.00,8921064.00,214964.00,2.47,train
PRJ_NGO_00146_3,2022,7252000.00,7252000.00,6757674.50,-494325.50,-6.82,train
PRJ_NGO_00156_3,2022,9381800.00,9381800.00,8440025.00,-941775.00,-10.04,train
PRJ_NGO_00167_5,2022,11852000.00,11852000.00,12924274.00,1072274.00,9.05,train
PRJ_NGO_00169_3,2022,18983600.00,18983600.00,18008354.00,-975246.00,-5.14,train
PRJ_NGO_00009_3,2022,16301700.00,16301700.00,16175571.00,-126129.00,-0.77,train
PRJ_NGO_00011_3,2022,6239500.00,6239500.00,6582801.50,343301.50,5.50,train
PRJ_NGO_00030_3,2022,5356900.00,5356900.00,5167564.00,-189336.00,-3.53,train
PRJ_NGO_00036_3,2022,2103900.00,2103900.00,2349947.25,246047.25,11.69,train
PRJ_NGO_00044_3,2022,2529400.00,2529400.00,2157419.75,-371980.25,-14.71,train
PRJ_NGO_00055_3,2022,4410900.00,4410900.00,4627040.50,216140.50,4.90,train
PRJ_NGO_00055_5,2022,11295000.00,11295000.00,11125071.00,-169929.00,-1.50,train
PRJ_NGO_00081_4,2022,4491100.00,4491100.00,5490110.00,999010.00,22.24,train
PRJ_NGO_00102_3,2022,4188900.00,4188900.00,4303902.50,115002.50,2.75,train
PRJ_NGO_00129_3,2022,1999400.00,1999400.00,2297819.00,298419.00,14.93,train
PRJ_NGO_00149_3,2022,17019900.00,17019900.00,17007114.00,-12786.00,-0.08,train
PRJ_NGO_00190_3,2022,10091600.00,10091600.00,8999773.00,-1091827.00,-10.82,train
PRJ_NGO_00193_3,2022,14111500.00,14111500.00,14771565.00,660065.00,4.68,train
PRJ_NGO_00015_2,2023,11280000.00,11280000.00,10365355.00,-914645.00,-8.11,train
PRJ_NGO_00046_2,2023,3177300.00,3177300.00,3343439.00,166139.00,5.23,train
PRJ_NGO_00052_3,2023,6569300.00,6569300.00,6341261.00,-228039.00,-3.47,train
PRJ_NGO_00073_2,2023,4543400.00,4543400.00,5640748.00,1097348.00,24.15,train
PRJ_NGO_00091_2,2023,7371100.00,7371100.00,7333875.50,-37224.50,-0.51,train
PRJ_NGO_00124_2,2023,13964900.00,13964900.00,13258771.00,-706129.00,-5.06,train
PRJ_NGO_00129_2,2023,4388100.00,4388100.00,4167023.25,-221076.75,-5.04,train
PRJ_NGO_00137_2,2023,7956300.00,7956300.00,8758142.00,801842.00,10.08,train
PRJ_NGO_00143_2,2023,4669400.00,4669400.00,4362257.00,-307143.00,-6.58,train
PRJ_NGO_00171_2,2023,2670300.00,2670300.00,2951325.75,281025.75,10.52,train
PRJ_NGO_00186_2,2023,6079300.00,6079300.00,5010395.00,-1068905.00,-17.58,train
PRJ_NGO_00195_2,2023,2080200.00,2080200.00,2332413.75,252213.75,12.12,train
PRJ_NGO_00005_2,2023,10302500.00,10302500.00,8181150.50,-2121349.50,-20.59,train
PRJ_NGO_00027_3,2023,6662300.00,6662300.00,6855202.00,192902.00,2.90,train
PRJ_NGO_00035_2,2023,1383200.00,1383200.00,1328495.00,-54705.00,-3.95,train
PRJ_NGO_00041_2,2023,2177700.00,2177700.00,2133975.75,-43724.25,-2.01,train
PRJ_NGO_00061_3,2023,18835600.00,18835600.00,19362422.00,526822.00,2.80,train
PRJ_NGO_00064_2,2023,12218400.00,12218400.00,9182681.00,-3035719.00,-24.85,train
PRJ_NGO_00080_2,2023,9193500.00,9193500.00,10019811.00,826311.00,8.99,train
PRJ_NGO_00081_3,2023,1841000.00,1841000.00,2710862.50,869862.50,47.25,train
PRJ_NGO_00082_2,2023,3815600.00,3815600.00,3663720.75,-151879.25,-3.98,train
PRJ_NGO_00104_2,2023,8083900.00,8083900.00,8207365.00,123465.00,1.53,train
PRJ_NGO_00112_2,2023,2719700.00,2719700.00,2515414.75,-204285.25,-7.51,train
PRJ_NGO_00114_2,2023,6626700.00,6626700.00,4952981.00,-1673719.00,-25.26,train
PRJ_NGO_00119_2,2023,3508600.00,3508600.00,3375212.50,-133387.50,-3.80,train
PRJ_NGO_00122_2,2023,641600.00,641600.00,966552.38,324952.38,50.65,train
PRJ_NGO_00126_2,2023,844100.00,844100.00,815283.56,-28816.44,-3.41,train
PRJ_NGO_00128_6,2023,966700.00,966700.00,980748.50,14048.50,1.45,train
PRJ_NGO_00141_2,2023,2202700.00,2202700.00,2195676.00,-7024.00,-0.32,train
PRJ_NGO_00154_2,2023,8505900.00,8505900.00,8541192.00,35292.00,0.41,train
PRJ_NGO_00172_2,2023,7029500.00,7029500.00,7142198.50,112698.50,1.60,train
PRJ_NGO_00182_3,2023,3301200.00,3301200.00,5502923.50,2201723.50,66.69,train
PRJ_NGO_00196_2,2023,11330200.00,11330200.00,9923350.00,-1406850.00,-12.42,train
PRJ_NGO_00012_2,2023,1120600.00,1120600.00,2022224.00,901624.00,80.46,train
PRJ_NGO_00049_2,2023,2506300.00,2506300.00,3480063.00,973763.00,38.85,train
PRJ_NGO_00050_2,2023,8627700.00,8627700.00,7220852.50,-1406847.50,-16.31,train
PRJ_NGO_00076_2,2023,5423300.00,5423300.00,4494820.00,-928480.00,-17.12,train
PRJ_NGO_00077_2,2023,9861700.00,9861700.00,9136025.00,-725675.00,-7.36,train
PRJ_NGO_00086_2,2023,13501100.00,13501100.00,11444008.00,-2057092.00,-15.24,train
PRJ_NGO_00087_3,2023,7854600.00,7854600.00,7947681.00,93081.00,1.19,train
PRJ_NGO_00102_2,2023,8596700.00,8596700.00,7951940.00,-644760.00,-7.50,train
PRJ_NGO_00118_2,2023,9786300.00,9786300.00,10323653.00,537353.00,5.49,train
PRJ_NGO_00134_2,2023,7374500.00,7374500.00,7481209.00,106709.00,1.45,train
PRJ_NGO_00152_2,2023,4230400.00,4230400.00,4287457.00,57057.00,1.35,train
PRJ_NGO_00164_2,2023,13697200.00,13697200.00,13385146.00,-312054.00,-2.28,train
PRJ_NGO_00176_3,2023,5501300.00,5501300.00,5538868.00,37568.00,0.68,train
PRJ_NGO_00021_2,2023,4461600.00,4461600.00,4273434.00,-188166.00,-4.22,train
PRJ_NGO_00022_2,2023,4957800.00,4957800.00,5171241.50,213441.50,4.31,train
PRJ_NGO_00043_3,2023,4415300.00,4415300.00,4787805.00,372505.00,8.44,train
PRJ_NGO_00090_2,2023,9721800.00,9721800.00,9268557.00,-453243.00,-4.66,train
PRJ_NGO_00101_2,2023,10064800.00,10064800.00,8623225.00,-1441575.00,-14.32,train
PRJ_NGO_00108_3,2023,13771600.00,13771600.00,13430528.00,-341072.00,-2.48,train
PRJ_NGO_00109_2,2023,6971300.00,6971300.00,6837206.00,-134094.00,-1.92,train
PRJ_NGO_00111_2,2023,16894000.00,16894000.00,14390078.00,-2503922.00,-14.82,train
PRJ_NGO_00133_2,2023,11404700.00,11404700.00,8217908.00,-3186792.00,-27.94,train
PRJ_NGO_00135_2,2023,10903700.00,10903700.00,11021599.00,117899.00,1.08,train
PRJ_NGO_00139_2,2023,7861500.00,7861500.00,8621526.00,760026.00,9.67,train
PRJ_NGO_00145_2,2023,651600.00,651600.00,935112.88,283512.88,43.51,train
PRJ_NGO_00158_2,2023,932600.00,932600.00,1136149.38,203549.38,21.83,train
PRJ_NGO_00191_3,2023,6302000.00,6302000.00,7261314.00,959314.00,15.22,train
PRJ_NGO_00013_3,2023,11130300.00,11130300.00,11411749.00,281449.00,2.53,train
PRJ_NGO_00044_2,2023,3611000.00,3611000.00,4218771.00,607771.00,16.83,train
PRJ_NGO_00053_2,2023,2426900.00,2426900.00,3170694.50,743794.50,30.65,train
PRJ_NGO_00063_2,2023,8606200.00,8606200.00,9102606.00,496406.00,5.77,train
PRJ_NGO_00084_2,2023,5450200.00,5450200.00,6078467.50,628267.50,11.53,train
PRJ_NGO_00093_3,2023,418200.00,418200.00,1273858.00,855658.00,204.60,train
PRJ_NGO_00098_2,2023,6609800.00,6609800.00,6987360.50,377560.50,5.71,train
PRJ_NGO_00121_2,2023,2213600.00,2213600.00,2655559.00,441959.00,19.97,train
PRJ_NGO_00128_3,2023,346800.00,346800.00,453268.03,106468.03,30.70,train
PRJ_NGO_00138_2,2023,14013300.00,14013300.00,13546091.00,-467209.00,-3.33,train
PRJ_NGO_00150_2,2023,5995400.00,5995400.00,6314986.00,319586.00,5.33,train
PRJ_NGO_00153_2,2023,22002900.00,22002900.00,21545070.00,-457830.00,-2.08,train
PRJ_NGO_00174_2,2023,8186400.00,8186400.00,9146497.00,960097.00,11.73,train
PRJ_NGO_00179_2,2023,11045100.00,11045100.00,11564154.00,519054.00,4.70,train
PRJ_NGO_00183_3,2023,470300.00,470300.00,970950.50,500650.50,106.45,train
PRJ_NGO_00006_2,2023,7221300.00,7221300.00,6984167.50,-237132.50,-3.28,train
PRJ_NGO_00014_2,2023,5169300.00,5169300.00,4661681.50,-507618.50,-9.82,train
PRJ_NGO_00019_2,2023,3367500.00,3367500.00,4552547.00,1185047.00,35.19,train
PRJ_NGO_00057_2,2023,4171700.00,4171700.00,3282049.25,-889650.75,-21.33,train
PRJ_NGO_00123_2,2023,7360000.00,7360000.00,8365922.00,1005922.00,13.67,train
PRJ_NGO_00155_2,2023,3857100.00,3857100.00,3442995.50,-414104.50,-10.74,train
PRJ_NGO_00167_2,2023,10765600.00,10765600.00,12099473.00,1333873.00,12.39,train
PRJ_NGO_00197_2,2023,6410900.00,6410900.00,5444593.50,-966306.50,-15.07,train
PRJ_NGO_00023_2,2023,5488600.00,5488600.00,4245442.50,-1243157.50,-22.65,train
PRJ_NGO_00024_2,2023,3230100.00,3230100.00,2698394.75,-531705.25,-16.46,train
PRJ_NGO_00026_2,2023,6245700.00,6245700.00,5790722.00,-454978.00,-7.28,train
PRJ_NGO_00031_2,2023,26194700.00,26194700.00,25393146.00,-801554.00,-3.06,train
PRJ_NGO_00047_2,2023,3419100.00,3419100.00,3352993.75,-66106.25,-1.93,train
PRJ_NGO_00055_2,2023,4498900.00,4498900.00,3702613.25,-796286.75,-17.70,train
PRJ_NGO_00066_2,2023,2121500.00,2121500.00,2211921.75,90421.75,4.26,train
PRJ_NGO_00085_2,2023,3291800.00,3291800.00,3191751.25,-100048.75,-3.04,train
PRJ_NGO_00092_2,2023,11356000.00,11356000.00,12441632.00,1085632.00,9.56,train
PRJ_NGO_00107_2,2023,3967700.00,3967700.00,5734898.00,1767198.00,44.54,train
PRJ_NGO_00113_2,2023,3760100.00,3760100.00,3751799.50,-8300.50,-0.22,train
PRJ_NGO_00128_5,2023,1077900.00,1077900.00,1124104.00,46204.00,4.29,train
PRJ_NGO_00128_7,2023,2347800.00,2347800.00,4278530.50,1930730.50,82.24,train
PRJ_NGO_00156_2,2023,8419200.00,8419200.00,8090445.00,-328755.00,-3.90,train
PRJ_NGO_00193_2,2023,7166200.00,7166200.00,7366302.50,200102.50,2.79,train
PRJ_NGO_00009_2,2023,10105200.00,10105200.00,11728544.00,1623344.00,16.06,train
PRJ_NGO_00011_2,2023,4060800.00,4060800.00,4218511.00,157711.00,3.88,train
PRJ_NGO_00025_2,2023,519400.00,519400.00,1188660.00,669260.00,128.85,train
PRJ_NGO_00043_2,2023,10164800.00,10164800.00,10123785.00,-41015.00,-0.40,train
PRJ_NGO_00058_2,2023,2952100.00,2952100.00,3398589.25,446489.25,15.12,train
PRJ_NGO_00068_2,2023,10181800.00,10181800.00,11464694.00,1282894.00,12.60,train
PRJ_NGO_00071_2,2023,3025500.00,3025500.00,3314280.75,288780.75,9.54,train
PRJ_NGO_00088_2,2023,3150500.00,3150500.00,2780274.00,-370226.00,-11.75,train
PRJ_NGO_00089_2,2023,1777000.00,1777000.00,1972788.00,195788.00,11.02,train
PRJ_NGO_00093_2,2023,8282600.00,8282600.00,8932589.00,649989.00,7.85,train
PRJ_NGO_00094_2,2023,4117100.00,4117100.00,5999427.50,1882327.50,45.72,train
PRJ_NGO_00108_4,2023,6916100.00,6916100.00,6644441.00,-271659.00,-3.93,train
PRJ_NGO_00128_4,2023,2815900.00,2815900.00,4570251.00,1754351.00,62.30,train
PRJ_NGO_00142_2,2023,3311600.00,3311600.00,4131181.75,819581.75,24.75,train
PRJ_NGO_00147_3,2023,15339900.00,15339900.00,15610070.00,270170.00,1.76,train
PRJ_NGO_00162_2,2023,4862900.00,4862900.00,3686099.25,-1176800.75,-24.20,train
PRJ_NGO_00002_2,2023,7345100.00,7345100.00,6850772.50,-494327.50,-6.73,train
PRJ_NGO_00005_3,2023,8900900.00,8900900.00,8888940.00,-11960.00,-0.13,train
PRJ_NGO_00017_2,2023,3553500.00,3553500.00,4938593.50,1385093.50,38.98,train
PRJ_NGO_00018_2,2023,8063500.00,8063500.00,6011580.00,-2051920.00,-25.45,train
PRJ_NGO_00065_2,2023,6693200.00,6693200.00,6995600.50,302400.50,4.52,train
PRJ_NGO_00097_2,2023,6331700.00,6331700.00,6440314.00,108614.00,1.72,train
PRJ_NGO_00161_2,2023,1844200.00,1844200.00,1662801.75,-181398.25,-9.84,train
PRJ_NGO_00166_2,2023,1313400.00,1313400.00,1684709.12,371309.12,28.27,train
PRJ_NGO_00170_2,2023,10786800.00,10786800.00,10714525.00,-72275.00,-0.67,train
PRJ_NGO_00184_2,2023,462500.00,462500.00,548254.56,85754.56,18.54,train
PRJ_NGO_00199_2,2023,9279800.00,9279800.00,9182096.00,-97704.00,-1.05,train
PRJ_NGO_00033_2,2023,4725800.00,4725800.00,4757719.00,31919.00,0.68,train
PRJ_NGO_00033_3,2023,4524500.00,4524500.00,3723094.75,-801405.25,-17.71,train
PRJ_NGO_00042_2,2023,13366700.00,13366700.00,13026789.00,-339911.00,-2.54,train
PRJ_NGO_00048_2,2023,9358200.00,9358200.00,7383403.00,-1974797.00,-21.10,train
PRJ_NGO_00049_3,2023,3101300.00,3101300.00,5415553.00,2314253.00,74.62,train
PRJ_NGO_00115_2,2023,10102200.00,10102200.00,10877901.00,775701.00,7.68,train
PRJ_NGO_00120_2,2023,4403800.00,4403800.00,5549962.50,1146162.50,26.03,train
PRJ_NGO_00125_2,2023,4548900.00,4548900.00,5536999.00,988099.00,21.72,train
PRJ_NGO_00140_3,2023,16270100.00,16270100.00,14934751.00,-1335349.00,-8.21,train
PRJ_NGO_00148_2,2023,1088400.00,1088400.00,1439111.12,350711.12,32.22,train
PRJ_NGO_00168_2,2023,6091400.00,6091400.00,5661990.50,-429409.50,-7.05,train
PRJ_NGO_00173_2,2023,2133400.00,2133400.00,2571287.25,437887.25,20.53,train
PRJ_NGO_00200_2,2023,1796700.00,1796700.00,1986542.38,189842.38,10.57,train
PRJ_NGO_00003_2,2023,5035000.00,5035000.00,5009132.50,-25867.50,-0.51,train
PRJ_NGO_00016_2,2023,3667400.00,3667400.00,3820305.50,152905.50,4.17,train
PRJ_NGO_00020_2,2023,9003000.00,9003000.00,10633321.00,1630321.00,18.11,train
PRJ_NGO_00028_2,2023,237500.00,237500.00,10000.00,-227500.00,-95.79,train
PRJ_NGO_00036_2,2023,5403000.00,5403000.00,6752877.50,1349877.50,24.98,train
PRJ_NGO_00070_2,2023,12889400.00,12889400.00,12007931.00,-881469.00,-6.84,train
PRJ_NGO_00072_2,2023,8489300.00,8489300.00,7948846.50,-540453.50,-6.37,train
PRJ_NGO_00096_2,2023,9299900.00,9299900.00,9079292.00,-220608.00,-2.37,train
PRJ_NGO_00116_2,2023,8662000.00,8662000.00,7756940.50,-905059.50,-10.45,train
PRJ_NGO_00149_2,2023,5695800.00,5695800.00,4423883.50,-1271916.50,-22.33,train
PRJ_NGO_00159_2,2023,25109800.00,25109800.00,24776326.00,-333474.00,-1.33,train
PRJ_NGO_00169_2,2023,2726100.00,2726100.00,2977945.50,251845.50,9.24,train
PRJ_NGO_00189_2,2023,450500.00,450500.00,315360.28,-135139.72,-30.00,train
PRJ_NGO_00190_2,2023,2415300.00,2415300.00,2460108.50,44808.50,1.86,train
PRJ_NGO_00030_2,2023,15468500.00,15468500.00,14144607.00,-1323893.00,-8.56,train
PRJ_NGO_00051_2,2023,16114400.00,16114400.00,15696424.00,-417976.00,-2.59,train
PRJ_NGO_00060_2,2023,2513700.00,2513700.00,3141140.00,627440.00,24.96,train
PRJ_NGO_00062_2,2023,3785700.00,3785700.00,3255397.25,-530302.75,-14.01,train
PRJ_NGO_00067_2,2023,8023100.00,8023100.00,7035643.50,-987456.50,-12.31,train
PRJ_NGO_00069_2,2023,6795700.00,6795700.00,8068683.00,1272983.00,18.73,train
PRJ_NGO_00078_2,2023,701300.00,701300.00,541857.00,-159443.00,-22.74,validation
PRJ_NGO_00105_2,2023,4740700.00,4740700.00,2688581.50,-2052118.50,-43.29,validation
PRJ_NGO_00110_2,2023,5730000.00,5730000.00,6413136.00,683136.00,11.92,validation
PRJ_NGO_00117_2,2023,7013900.00,7013900.00,11252028.00,4238128.00,60.42,validation
PRJ_NGO_00146_2,2023,5808100.00,5808100.00,5348891.50,-459208.50,-7.91,validation
PRJ_NGO_00178_2,2023,2869800.00,2869800.00,4017664.25,1147864.25,40.00,validation
PRJ_NGO_00027_2,2024,6769200.00,6769200.00,8928703.00,2159503.00,31.90,validation
PRJ_NGO_00075_1,2024,2014700.00,2014700.00,3829187.50,1814487.50,90.06,validation
PRJ_NGO_00079_2,2024,5298000.00,5298000.00,6969057.00,1671057.00,31.54,validation
PRJ_NGO_00091_1,2024,6297100.00,6297100.00,6521989.50,224889.50,3.57,validation
PRJ_NGO_00095_1,2024,10911700.00,10911700.00,8716912.00,-2194788.00,-20.11,validation
PRJ_NGO_00095_3,2024,8275700.00,8275700.00,6524507.00,-1751193.00,-21.16,validation
PRJ_NGO_00104_1,2024,8430300.00,8430300.00,8179140.50,-251159.50,-2.98,validation
PRJ_NGO_00112_1,2024,4801500.00,4801500.00,5651892.50,850392.50,17.71,validation
PRJ_NGO_00131_1,2024,3150700.00,3150700.00,3099834.00,-50866.00,-1.61,validation
PRJ_NGO_00170_1,2024,4567400.00,4567400.00,5673360.50,1105960.50,24.21,validation
PRJ_NGO_00172_1,2024,5645400.00,5645400.00,5664476.00,19076.00,0.34,validation
PRJ_NGO_00176_2,2024,12489200.00,12489200.00,8904589.00,-3584611.00,-28.70,validation
PRJ_NGO_00191_2,2024,6793400.00,6793400.00,6393165.00,-400235.00,-5.89,validation
PRJ_NGO_00195_1,2024,6230800.00,6230800.00,9396049.00,3165249.00,50.80,validation
PRJ_NGO_00012_1,2024,2818200.00,2818200.00,5889315.50,3071115.50,108.97,validation
PRJ_NGO_00017_1,2024,1068700.00,1068700.00,1818951.88,750251.88,70.20,validation
PRJ_NGO_00029_1,2024,1622500.00,1622500.00,1692208.00,69708.00,4.30,validation
PRJ_NGO_00035_1,2024,3653900.00,3653900.00,3908436.25,254536.25,6.97,validation
PRJ_NGO_00053_1,2024,1170100.00,1170100.00,980353.75,-189746.25,-16.22,validation
PRJ_NGO_00063_1,2024,1672800.00,1672800.00,2436743.75,763943.75,45.67,validation
PRJ_NGO_00078_1,2024,1324800.00,1324800.00,1493896.75,169096.75,12.76,validation
PRJ_NGO_00099_1,2024,6874900.00,6874900.00,12586795.00,5711895.00,83.08,validation
PRJ_NGO_00102_1,2024,6457100.00,6457100.00,8403915.00,1946815.00,30.15,validation
PRJ_NGO_00118_1,2024,7902300.00,7902300.00,10463649.00,2561349.00,32.41,validation
PRJ_NGO_00136_1,2024,13646900.00,13646900.00,11306389.00,-2340511.00,-17.15,validation
PRJ_NGO_00166_1,2024,19433000.00,19433000.00,16488956.00,-2944044.00,-15.15,validation
PRJ_NGO_00173_1,2024,12949800.00,12949800.00,15794362.00,2844562.00,21.97,validation
PRJ_NGO_00174_1,2024,1556500.00,1556500.00,2228077.50,671577.50,43.15,validation
PRJ_NGO_00199_1,2024,4970800.00,4970800.00,5112559.00,141759.00,2.85,validation
PRJ_NGO_00008_2,2024,2748500.00,2748500.00,4725601.00,1977101.00,71.93,validation
PRJ_NGO_00048_1,2024,6882400.00,6882400.00,5876108.00,-1006292.00,-14.62,validation
PRJ_NGO_00054_2,2024,5621500.00,5621500.00,7765852.00,2144352.00,38.15,validation
PRJ_NGO_00071_1,2024,2268900.00,2268900.00,4871018.50,2602118.50,114.69,validation
PRJ_NGO_00092_1,2024,4089000.00,4089000.00,4933494.00,844494.00,20.65,validation
PRJ_NGO_00110_1,2024,23744400.00,23744400.00,18170400.00,-5574000.00,-23.48,validation
PRJ_NGO_00114_1,2024,1759200.00,1759200.00,1696812.50,-62387.50,-3.55,validation
PRJ_NGO_00131_2,2024,7807300.00,7807300.00,7701225.00,-106075.00,-1.36,validation
PRJ_NGO_00141_1,2024,3431300.00,3431300.00,5411388.00,1980088.00,57.71,validation
PRJ_NGO_00154_1,2024,8707700.00,8707700.00,5435043.00,-3272657.00,-37.58,validation
PRJ_NGO_00178_1,2024,1175800.00,1175800.00,2945160.00,1769360.00,150.48,validation
PRJ_NGO_00197_1,2024,710400.00,710400.00,1588055.88,877655.88,123.54,validation
PRJ_NGO_00015_1,2024,18528200.00,18528200.00,14661025.00,-3867175.00,-20.87,validation
PRJ_NGO_00042_1,2024,9223400.00,9223400.00,7891320.50,-1332079.50,-14.44,validation
PRJ_NGO_00044_1,2024,2362100.00,2362100.00,3095547.75,733447.75,31.05,validation
PRJ_NGO_00117_1,2024,5908600.00,5908600.00,7015987.50,1107387.50,18.74,validation
PRJ_NGO_00125_1,2024,718800.00,718800.00,347705.09,-371094.91,-51.63,validation
PRJ_NGO_00136_2,2024,6940300.00,6940300.00,7023069.00,82769.00,1.19,validation
PRJ_NGO_00148_1,2024,1353200.00,1353200.00,2290546.25,937346.25,69.27,validation
PRJ_NGO_00152_1,2024,5486800.00,5486800.00,5374296.00,-112504.00,-2.05,validation
PRJ_NGO_00159_1,2024,2650800.00,2650800.00,2391813.25,-258986.75,-9.77,validation
PRJ_NGO_00181_1,2024,6791200.00,6791200.00,6176612.00,-614588.00,-9.05,validation
PRJ_NGO_00186_1,2024,10495400.00,10495400.00,7586446.00,-2908954.00,-27.72,validation
PRJ_NGO_00030_1,2024,4869400.00,4869400.00,4729440.50,-139959.50,-2.87,validation
PRJ_NGO_00046_1,2024,7508000.00,7508000.00,7948152.50,440152.50,5.86,validation
PRJ_NGO_00051_1,2024,5267300.00,5267300.00,4459449.00,-807851.00,-15.34,validation
PRJ_NGO_00061_2,2024,6686000.00,6686000.00,5796638.00,-889362.00,-13.30,validation
PRJ_NGO_00069_1,2024,1112200.00,1112200.00,591632.81,-520567.19,-46.81,validation
PRJ_NGO_00076_1,2024,10521200.00,10521200.00,6545645.50,-3975554.50,-37.79,validation
PRJ_NGO_00130_3,2024,9048500.00,9048500.00,6438742.50,-2609757.50,-28.84,validation
PRJ_NGO_00146_1,2024,7637900.00,7637900.00,5951769.00,-1686131.00,-22.08,validation
PRJ_NGO_00167_1,2024,9751200.00,9751200.00,11310297.00,1559097.00,15.99,validation
PRJ_NGO_00175_2,2024,2021600.00,2021600.00,3528609.25,1507009.25,74.55,validation
PRJ_NGO_00184_1,2024,10730100.00,10730100.00,9840913.00,-889187.00,-8.29,validation
PRJ_NGO_00196_1,2024,5380800.00,5380800.00,4148084.50,-1232715.50,-22.91,validation
PRJ_NGO_00198_1,2024,12258400.00,12258400.00,12660310.00,401910.00,3.28,validation
PRJ_NGO_00007_1,2024,8131800.00,8131800.00,14495244.00,6363444.00,78.25,validation
PRJ_NGO_00036_1,2024,13512600.00,13512600.00,12587920.00,-924680.00,-6.84,validation
PRJ_NGO_00073_1,2024,5820000.00,5820000.00,8902171.00,3082171.00,52.96,validation
PRJ_NGO_00075_2,2024,2321900.00,2321900.00,5379939.50,3058039.50,131.70,validation
PRJ_NGO_00096_1,2024,3709400.00,3709400.00,4065192.25,355792.25,9.59,validation
PRJ_NGO_00101_1,2024,1182000.00,1182000.00,1714317.12,532317.12,45.04,validation
PRJ_NGO_00107_1,2024,1099500.00,1099500.00,2842566.25,1743066.25,158.53,validation
PRJ_NGO_00111_1,2024,15381900.00,15381900.00,15812703.00,430803.00,2.80,validation
PRJ_NGO_00122_1,2024,871700.00,871700.00,882422.94,10722.94,1.23,validation
PRJ_NGO_00139_1,2024,2625100.00,2625100.00,3631812.25,1006712.25,38.35,validation
PRJ_NGO_00149_1,2024,17585600.00,17585600.00,16464574.00,-1121026.00,-6.37,validation
PRJ_NGO_00162_1,2024,27780300.00,27780300.00,15968494.00,-11811806.00,-42.52,validation
PRJ_NGO_00200_1,2024,1590000.00,1590000.00,1662823.00,72823.00,4.58,validation
PRJ_NGO_00006_1,2024,858400.00,858400.00,607576.38,-250823.62,-29.22,validation
PRJ_NGO_00014_1,2024,15378800.00,15378800.00,17954226.00,2575426.00,16.75,validation
PRJ_NGO_00016_1,2024,2622200.00,2622200.00,3005186.75,382986.75,14.61,validation
PRJ_NGO_00029_2,2024,1351000.00,1351000.00,1618253.25,267253.25,19.78,validation
PRJ_NGO_00033_1,2024,10305100.00,10305100.00,8529309.00,-1775791.00,-17.23,validation
PRJ_NGO_00049_1,2024,2962900.00,2962900.00,5617099.50,2654199.50,89.58,validation
PRJ_NGO_00050_1,2024,6362200.00,6362200.00,4740268.50,-1621931.50,-25.49,validation
PRJ_NGO_00070_1,2024,8991000.00,8991000.00,10111470.00,1120470.00,12.46,validation
PRJ_NGO_00080_1,2024,3896300.00,3896300.00,4495823.00,599523.00,15.39,validation
PRJ_NGO_00108_2,2024,7967700.00,7967700.00,5295561.50,-2672138.50,-33.54,validation
PRJ_NGO_00124_1,2024,12420600.00,12420600.00,10294626.00,-2125974.00,-17.12,validation
PRJ_NGO_00130_1,2024,18108500.00,18108500.00,15451491.00,-2657009.00,-14.67,validation
PRJ_NGO_00138_1,2024,1280800.00,1280800.00,4668544.50,3387744.50,264.50,validation
PRJ_NGO_00164_1,2024,4156100.00,4156100.00,4601151.00,445051.00,10.71,validation
PRJ_NGO_00171_1,2024,9531400.00,9531400.00,9079218.00,-452182.00,-4.74,validation
PRJ_NGO_00175_1,2024,167500.00,167500.00,205298.77,37798.77,22.57,validation
PRJ_NGO_00188_1,2024,7960400.00,7960400.00,3081733.00,-4878667.00,-61.29,validation
PRJ_NGO_00008_1,2024,3881900.00,3881900.00,6136995.50,2255095.50,58.09,validation
PRJ_NGO_00013_2,2024,6049100.00,6049100.00,6566636.00,517536.00,8.56,validation
PRJ_NGO_00026_1,2024,2579200.00,2579200.00,2724274.00,145074.00,5.62,validation
PRJ_NGO_00047_1,2024,5319400.00,5319400.00,6548013.50,1228613.50,23.10,validation
PRJ_NGO_00052_2,2024,14750000.00,14750000.00,14656483.00,-93517.00,-0.63,validation
PRJ_NGO_00055_1,2024,5157600.00,5157600.00,3956575.50,-1201024.50,-23.29,validation
PRJ_NGO_00062_1,2024,8212100.00,8212100.00,7477827.00,-734273.00,-8.94,validation
PRJ_NGO_00064_1,2024,5815700.00,5815700.00,3994645.25,-1821054.75,-31.31,validation
PRJ_NGO_00067_1,2024,7536200.00,7536200.00,6214469.00,-1321731.00,-17.54,validation
PRJ_NGO_00068_1,2024,2869100.00,2869100.00,3281922.00,412822.00,14.39,validation
PRJ_NGO_00072_1,2024,2184700.00,2184700.00,3250727.25,1066027.25,48.80,test
PRJ_NGO_00079_1,2024,2389900.00,2389900.00,2503757.00,113857.00,4.76,test
PRJ_NGO_00087_2,2024,10362600.00,10362600.00,10563724.00,201124.00,1.94,test
PRJ_NGO_00123_1,2024,2749000.00,2749000.00,3371537.00,622537.00,22.65,test
PRJ_NGO_00129_1,2024,10743800.00,10743800.00,10551802.00,-191998.00,-1.79,test
PRJ_NGO_00130_2,2024,20766800.00,20766800.00,15255954.00,-5510846.00,-26.54,test
PRJ_NGO_00143_1,2024,5317900.00,5317900.00,3673574.25,-1644325.75,-30.92,test
PRJ_NGO_00150_1,2024,4089600.00,4089600.00,5437127.50,1347527.50,32.95,test
PRJ_NGO_00151_1,2024,1855800.00,1855800.00,2023084.88,167284.88,9.01,test
PRJ_NGO_00160_1,2024,1220500.00,1220500.00,2460156.75,1239656.75,101.57,test
PRJ_NGO_00169_1,2024,9033500.00,9033500.00,7671879.00,-1361621.00,-15.07,test
PRJ_NGO_00193_1,2024,9574900.00,9574900.00,8465227.00,-1109673.00,-11.59,test
PRJ_NGO_00003_1,2024,15026400.00,15026400.00,8447560.00,-6578840.00,-43.78,test
PRJ_NGO_00007_2,2024,10092500.00,10092500.00,13774373.00,3681873.00,36.48,test
PRJ_NGO_00018_1,2024,10801700.00,10801700.00,6858249.50,-3943450.50,-36.51,test
PRJ_NGO_00021_1,2024,2754200.00,2754200.00,3048063.25,293863.25,10.67,test
PRJ_NGO_00028_1,2024,486800.00,486800.00,820032.69,333232.69,68.45,test
PRJ_NGO_00031_1,2024,9230700.00,9230700.00,6875920.50,-2354779.50,-25.51,test
PRJ_NGO_00043_1,2024,1199000.00,1199000.00,1888689.00,689689.00,57.52,test
PRJ_NGO_00060_1,2024,6183200.00,6183200.00,10578640.00,4395440.00,71.09,test
PRJ_NGO_00066_1,2024,6905100.00,6905100.00,8730119.00,1825019.00,26.43,test
PRJ_NGO_00097_1,2024,9220900.00,9220900.00,10347751.00,1126851.00,12.22,test
PRJ_NGO_00098_1,2024,9742900.00,9742900.00,8766946.00,-975954.00,-10.02,test
PRJ_NGO_00113_1,2024,7860100.00,7860100.00,7290371.50,-569728.50,-7.25,test
PRJ_NGO_00135_1,2024,12408400.00,12408400.00,14849966.00,2441566.00,19.68,test
PRJ_NGO_00140_2,2024,7778000.00,7778000.00,5818704.50,-1959295.50,-25.19,test
PRJ_NGO_00145_1,2024,5915900.00,5915900.00,8181921.00,2266021.00,38.30,test
PRJ_NGO_00157_2,2024,6401000.00,6401000.00,7648633.00,1247633.00,19.49,test
PRJ_NGO_00158_1,2024,4009700.00,4009700.00,3984409.75,-25290.25,-0.63,test
PRJ_NGO_00179_1,2024,3606900.00,3606900.00,3354119.25,-252780.75,-7.01,test
PRJ_NGO_00182_2,2024,991300.00,991300.00,1486192.50,494892.50,49.92,test
PRJ_NGO_00183_2,2024,4310300.00,4310300.00,10575849.00,6265549.00,145.36,test
PRJ_NGO_00190_1,2024,7204100.00,7204100.00,6891220.00,-312880.00,-4.34,test
PRJ_NGO_00008_3,2024,772100.00,772100.00,2055430.00,1283330.00,166.21,test
PRJ_NGO_00011_1,2024,4260500.00,4260500.00,5157715.00,897215.00,21.06,test
PRJ_NGO_00034_2,2024,1467000.00,1467000.00,1710597.38,243597.38,16.61,test
PRJ_NGO_00058_1,2024,5558600.00,5558600.00,7088928.50,1530328.50,27.53,test
PRJ_NGO_00059_1,2024,8371200.00,8371200.00,9083999.00,712799.00,8.51,test
PRJ_NGO_00065_1,2024,1721300.00,1721300.00,2495879.75,774579.75,45.00,test
PRJ_NGO_00074_2,2024,3269700.00,3269700.00,2813034.25,-456665.75,-13.97,test
PRJ_NGO_00081_2,2024,4288200.00,4288200.00,6081655.50,1793455.50,41.82,test
PRJ_NGO_00090_1,2024,15171200.00,15171200.00,12211180.00,-2960020.00,-19.51,test
PRJ_NGO_00099_2,2024,3121400.00,3121400.00,5932296.50,2810896.50,90.05,test
PRJ_NGO_00109_1,2024,8213100.00,8213100.00,8471578.00,258478.00,3.15,test
PRJ_NGO_00121_1,2024,1662300.00,1662300.00,2387041.50,724741.50,43.60,test
PRJ_NGO_00142_1,2024,8721400.00,8721400.00,12786259.00,4064859.00,46.61,test
PRJ_NGO_00147_2,2024,15256500.00,15256500.00,11321364.00,-3935136.00,-25.79,test
PRJ_NGO_00153_1,2024,6004300.00,6004300.00,3257941.75,-2746358.25,-45.74,test
PRJ_NGO_00156_1,2024,2226600.00,2226600.00,2169356.50,-57243.50,-2.57,test
PRJ_NGO_00180_1,2024,23012800.00,23012800.00,15909196.00,-7103604.00,-30.87,test
PRJ_NGO_00002_1,2024,12555900.00,12555900.00,10305245.00,-2250655.00,-17.93,test
PRJ_NGO_00009_1,2024,6876500.00,6876500.00,6354298.00,-522202.00,-7.59,test
PRJ_NGO_00023_1,2024,9167800.00,9167800.00,6344381.00,-2823419.00,-30.80,test
PRJ_NGO_00024_1,2024,3544800.00,3544800.00,2481187.50,-1063612.50,-30.00,test
PRJ_NGO_00025_1,2024,3840000.00,3840000.00,3956694.75,116694.75,3.04,test
PRJ_NGO_00077_1,2024,3423900.00,3423900.00,2856375.25,-567524.75,-16.58,test
PRJ_NGO_00082_1,2024,21312100.00,21312100.00,15057962.00,-6254138.00,-29.35,test
PRJ_NGO_00084_1,2024,4359500.00,4359500.00,4325225.50,-34274.50,-0.79,test
PRJ_NGO_00088_1,2024,2524700.00,2524700.00,3028252.50,503552.50,19.95,test
PRJ_NGO_00105_1,2024,1550000.00,1550000.00,1300204.25,-249795.75,-16.12,test
PRJ_NGO_00120_1,2024,10400200.00,10400200.00,11923805.00,1523605.00,14.65,test
PRJ_NGO_00133_1,2024,4699400.00,4699400.00,3865274.50,-834125.50,-17.75,test
PRJ_NGO_00134_1,2024,7197900.00,7197900.00,8670138.00,1472238.00,20.45,test
PRJ_NGO_00136_3,2024,12347900.00,12347900.00,11388143.00,-959757.00,-7.77,test
PRJ_NGO_00005_1,2024,9854200.00,9854200.00,9213667.00,-640533.00,-6.50,test
PRJ_NGO_00019_1,2024,2608900.00,2608900.00,3369056.25,760156.25,29.14,test
PRJ_NGO_00020_1,2024,3833500.00,3833500.00,4973930.00,1140430.00,29.75,test
PRJ_NGO_00022_1,2024,8711200.00,8711200.00,5954143.50,-2757056.50,-31.65,test
PRJ_NGO_00041_1,2024,9984900.00,9984900.00,11340749.00,1355849.00,13.58,test
PRJ_NGO_00054_1,2024,14832500.00,14832500.00,15598878.00,766378.00,5.17,test
PRJ_NGO_00057_1,2024,5982200.00,5982200.00,4677579.50,-1304620.50,-21.81,test
PRJ_NGO_00085_1,2024,3750300.00,3750300.00,3250374.50,-499925.50,-13.33,test
PRJ_NGO_00086_1,2024,13235000.00,13235000.00,9487043.00,-3747957.00,-28.32,test
PRJ_NGO_00089_1,2024,3285800.00,3285800.00,5476194.00,2190394.00,66.66,test
PRJ_NGO_00093_1,2024,4478000.00,4478000.00,5060508.50,582508.50,13.01,test
PRJ_NGO_00094_1,2024,2034000.00,2034000.00,3564902.50,1530902.50,75.27,test
PRJ_NGO_00095_2,2024,9409400.00,9409400.00,7982225.50,-1427174.50,-15.17,test
PRJ_NGO_00115_1,2024,3655800.00,3655800.00,2273990.75,-1381809.25,-37.80,test
PRJ_NGO_00116_1,2024,7830400.00,7830400.00,7159970.50,-670429.50,-8.56,test
PRJ_NGO_00119_1,2024,20258700.00,20258700.00,12425758.00,-7832942.00,-38.66,test
PRJ_NGO_00126_1,2024,1121200.00,1121200.00,1319825.75,198625.75,17.72,test
PRJ_NGO_00128_2,2024,3503900.00,3503900.00,6028438.50,2524538.50,72.05,test
PRJ_NGO_00137_1,2024,666300.00,666300.00,622058.12,-44241.88,-6.64,test
PRJ_NGO_00155_1,2024,11148600.00,11148600.00,9557270.00,-1591330.00,-14.27,test
PRJ_NGO_00161_1,2024,9955500.00,9955500.00,8440848.00,-1514652.00,-15.21,test
PRJ_NGO_00168_1,2024,2768900.00,2768900.00,4176056.50,1407156.50,50.82,test
PRJ_NGO_00189_1,2024,1061200.00,1061200.00,1470923.25,409723.25,38.61,test
PRJ_NGO_00013_1,2025,858900.00,858900.00,1018738.88,159838.88,18.61,test
PRJ_NGO_00087_1,2025,7748100.00,7748100.00,6182023.00,-1566077.00,-20.21,test
PRJ_NGO_00140_1,2025,5155600.00,5155600.00,4287599.50,-868000.50,-16.84,test
PRJ_NGO_00183_1,2025,1711600.00,1711600.00,3435212.00,1723612.00,100.70,test
PRJ_NGO_00103_2,2025,1426200.00,1426200.00,1758618.12,332418.12,23.31,test
PRJ_NGO_00191_1,2025,3601300.00,3601300.00,3565001.00,-36299.00,-1.01,test
PRJ_NGO_00027_1,2025,1544900.00,1544900.00,2733397.25,1188497.25,76.93,test
PRJ_NGO_00010_1,2025,7761900.00,7761900.00,7024014.50,-737885.50,-9.51,test
PRJ_NGO_00032_1,2025,7688500.00,7688500.00,9139884.00,1451384.00,18.88,test
PRJ_NGO_00106_1,2025,8503900.00,8503900.00,6659947.00,-1843953.00,-21.68,test
PRJ_NGO_00074_1,2025,4848700.00,4848700.00,4537587.50,-311112.50,-6.42,test
PRJ_NGO_00128_1,2025,331100.00,331100.00,10000.00,-321100.00,-96.98,test
PRJ_NGO_00157_1,2025,6854900.00,6854900.00,6395695.50,-459204.50,-6.70,test
PRJ_NGO_00056_1,2025,2683400.00,2683400.00,5456281.00,2772881.00,103.33,test
PRJ_NGO_00176_1,2025,13063200.00,13063200.00,8604735.00,-4458465.00,-34.13,test
PRJ_NGO_00038_1,2025,4359900.00,4359900.00,10131854.00,5771954.00,132.39,test
PRJ_NGO_00052_1,2025,7164700.00,7164700.00,6706718.50,-457981.50,-6.39,test
PRJ_NGO_00061_1,2025,8715900.00,8715900.00,5591104.50,-3124795.50,-35.85,test
PRJ_NGO_00108_1,2025,11368700.00,11368700.00,8902612.00,-2466088.00,-21.69,test
PRJ_NGO_00182_1,2025,2594800.00,2594800.00,5102815.00,2508015.00,96.66,test
PRJ_NGO_00034_1,2025,4509300.00,4509300.00,6038727.50,1529427.50,33.92,test
PRJ_NGO_00081_1,2025,5119100.00,5119100.00,8041708.50,2922608.50,57.09,test
PRJ_NGO_00103_1,2025,13249700.00,13249700.00,10784803.00,-2464897.00,-18.60,test
PRJ_NGO_00147_1,2025,9874100.00,9874100.00,8739254.00,-1134846.00,-11.49,test
PRJ_NGO_00037_1,2025,3463500.00,3463500.00,2585071.50,-878428.50,-25.36,test
