ngo_id,profile_source,pan_provided,pan_verified,year_established,beneficiaries_reported,primary_sector,transparency_seal_status,tax_exemption_type,tax_exemption_status,section_80g_status,fcra_status,reported_expenditure,reported_assets,profile_publication_date,source_url,verification_status
NGO_00001,NGO Website,True,True,2025.0,1252.0,Skill Development & Livelihood,Not Found,,Not Found,Not Found,Not Applicable,1253190.26,2077256.48,2025-11-23,https://eleos.org/registry/NGO_00001,Self-reported
NGO_00002,https://ngodarpan.gov.in,True,True,2019.0,545.0,Skill Development & Livelihood,Not Found,12AB,Valid,Valid,Not Applicable,1184197.58,1570624.43,2026-07-17,https://eleos.org/registry/NGO_00002,Externally verified
NGO_00003,NGO Website,True,True,2018.0,23968.0,Water & Sanitation,,,Expired,Not Found,Not Applicable,41940319.43,15378042.62,2026-08-07,https://eleos.org/registry/NGO_00003,Self-reported
NGO_00004,https://ngodarpan.gov.in,True,True,2025.0,11356.0,Water & Sanitation,Not Found,,Expired,Not Found,Not Applicable,8807260.85,,2026-06-17,https://eleos.org/registry/NGO_00004,Self-reported
NGO_00005,https://ngodarpan.gov.in,True,True,2023.0,8372.0,Women Empowerment,Not Found,12AB,Valid,Valid,Not Applicable,10103656.63,15738168.76,2026-05-26,https://eleos.org/registry/NGO_00005,Externally verified
NGO_00006,https://ngodarpan.gov.in,False,False,2014.0,30890.0,Nutrition & Food Security,Valid,12AB,Valid,Valid,Expired,45867390.63,50309472.04,2026-01-27,https://eleos.org/registry/NGO_00006,Self-reported
NGO_00007,https://ngodarpan.gov.in,True,True,2024.0,199814.0,Education,,12AB,Valid,Valid,Not Applicable,263649399.26,,2026-04-30,https://eleos.org/registry/NGO_00007,Externally verified
NGO_00008,https://ngodarpan.gov.in,True,True,2024.0,16919.0,Environment & Forests,Not Found,12AB,Valid,Valid,Not Applicable,24065109.73,5727932.3,2025-11-24,https://eleos.org/registry/NGO_00008,Externally verified
NGO_00009,https://ngodarpan.gov.in,True,False,2022.0,860.0,Disaster Relief & Rehabilitation,Valid,12AB,Valid,Valid,Not Applicable,1518665.56,966349.23,2026-06-21,https://eleos.org/registry/NGO_00009,Self-reported
NGO_00010,https://ngodarpan.gov.in,True,True,2025.0,2352.0,Child Welfare,Expired,12AB,Valid,Valid,Not Applicable,2320355.44,1307017.74,2026-04-15,https://eleos.org/registry/NGO_00010,Externally verified
NGO_00011,https://ngodarpan.gov.in,True,True,2004.0,138417.0,Nutrition & Food Security,Not Found,12AB,Valid,Valid,Not Applicable,237885807.05,385601047.55,2026-07-13,https://eleos.org/registry/NGO_00011,Externally verified
NGO_00012,NGO Website,True,True,2021.0,24071.0,Environment & Forests,Not Found,12AB,Valid,Valid,Not Applicable,30514716.79,10361775.67,2026-07-08,https://eleos.org/registry/NGO_00012,Externally verified
NGO_00013,https://ngodarpan.gov.in,True,True,2012.0,1344.0,Education,,,Expired,Not Found,Not Applicable,3282482.31,3607946.4,2026-05-14,https://eleos.org/registry/NGO_00013,Self-reported
NGO_00014,https://ngodarpan.gov.in,True,True,2022.0,1580.0,Water & Sanitation,Expired,12AB,Valid,Valid,Not Applicable,2945187.65,,2026-06-15,https://eleos.org/registry/NGO_00014,Externally verified
NGO_00015,https://ngodarpan.gov.in,True,True,2000.0,,Healthcare & Medical,Expired,12AB,Valid,Not Found,Expired,37733431.81,68720131.54,2026-06-09,https://eleos.org/registry/NGO_00015,Externally verified
NGO_00016,https://ngodarpan.gov.in,True,True,2013.0,277.0,Skill Development & Livelihood,Expired,,Expired,Not Found,Not Applicable,,1166031.42,2026-04-15,https://eleos.org/registry/NGO_00016,Self-reported
NGO_00017,NGO Website,True,True,2023.0,28191.0,Environment & Forests,Expired,12AB,Valid,Valid,Not Applicable,35147524.56,,2026-05-22,https://eleos.org/registry/NGO_00017,Externally verified
NGO_00018,https://ngodarpan.gov.in,True,True,,158694.0,Water & Sanitation,Not Found,,Not Found,Not Found,Valid,284533260.04,175380514.74,2026-01-12,https://eleos.org/registry/NGO_00018,Self-reported
NGO_00019,https://ngodarpan.gov.in,True,True,2020.0,,Environment & Forests,,,Expired,Not Found,Not Applicable,,6097884.56,2026-03-22,https://eleos.org/registry/NGO_00019,Self-reported
NGO_00020,https://ngodarpan.gov.in,True,True,2021.0,20411.0,Nutrition & Food Security,Not Found,,Not Found,Not Found,Not Applicable,40625584.83,39837302.72,2025-12-02,https://eleos.org/registry/NGO_00020,Self-reported
NGO_00021,https://ngodarpan.gov.in,True,True,2021.0,6339.0,Skill Development & Livelihood,,12AB,Valid,Valid,Not Applicable,11668436.7,19439540.73,2026-01-11,https://eleos.org/registry/NGO_00021,Externally verified
NGO_00022,https://ngodarpan.gov.in,True,True,2020.0,5809.0,Skill Development & Livelihood,Valid,12AB,Valid,Valid,Not Applicable,11209410.35,,2026-02-20,https://eleos.org/registry/NGO_00022,Externally verified
NGO_00023,https://ngodarpan.gov.in,True,True,2020.0,2795.0,Water & Sanitation,Not Found,12AB,Valid,Valid,Not Applicable,4272217.96,2302060.34,2026-02-22,https://eleos.org/registry/NGO_00023,Externally verified
NGO_00024,https://ngodarpan.gov.in,True,True,2010.0,12935.0,Skill Development & Livelihood,Expired,12AB,Valid,Valid,Expired,22095645.46,36354620.52,2026-02-19,https://eleos.org/registry/NGO_00024,Externally verified
NGO_00025,https://ngodarpan.gov.in,True,True,2003.0,13814.0,Healthcare & Medical,Expired,12AB,Valid,Not Found,Valid,32191478.24,43839989.98,2026-05-30,https://eleos.org/registry/NGO_00025,Externally verified
NGO_00026,https://ngodarpan.gov.in,True,True,2009.0,1320.0,Water & Sanitation,,12AB,Valid,Valid,Not Applicable,3226551.17,5304777.19,2026-06-29,https://eleos.org/registry/NGO_00026,Externally verified
NGO_00027,https://ngodarpan.gov.in,True,True,2014.0,6648.0,Nutrition & Food Security,Expired,,Expired,Not Found,Expired,8514008.91,7600478.27,2026-05-15,https://eleos.org/registry/NGO_00027,Self-reported
NGO_00028,https://ngodarpan.gov.in,True,True,2014.0,21915.0,Nutrition & Food Security,Not Found,12AB,Valid,Expired,Expired,31842327.41,10006289.83,2026-07-04,https://eleos.org/registry/NGO_00028,Externally verified
NGO_00029,NGO Website,True,True,2024.0,111859.0,Disaster Relief & Rehabilitation,Valid,12AB,Valid,Valid,Not Applicable,114684308.7,,2026-04-27,https://eleos.org/registry/NGO_00029,Externally verified
NGO_00030,NGO Website,True,False,2012.0,16258.0,Women Empowerment,Valid,12AB,Valid,Valid,Not Applicable,20598436.95,,2026-01-03,https://eleos.org/registry/NGO_00030,Self-reported
NGO_00031,NGO Website,True,True,2003.0,48086.0,Healthcare & Medical,Expired,12AB,Valid,Valid,Not Applicable,73009264.03,,2026-03-16,https://eleos.org/registry/NGO_00031,Externally verified
NGO_00032,NGO Website,True,True,2025.0,3683.0,Nutrition & Food Security,Valid,,Not Found,Not Found,Not Applicable,,4163558.77,2025-12-01,https://eleos.org/registry/NGO_00032,Self-reported
NGO_00033,https://ngodarpan.gov.in,True,True,2023.0,510.0,Skill Development & Livelihood,Valid,12AB,Valid,Not Found,Not Applicable,689509.36,564989.62,2026-01-02,https://eleos.org/registry/NGO_00033,Externally verified
NGO_00034,NGO Website,True,True,1999.0,20153.0,Nutrition & Food Security,Expired,12AB,Valid,Valid,Not Found,24933355.64,45027598.32,2026-05-31,https://eleos.org/registry/NGO_00034,Externally verified
NGO_00035,NGO Website,True,True,2021.0,14282.0,Nutrition & Food Security,,12AB,Valid,Valid,Not Applicable,30440275.6,8779906.76,2026-06-15,https://eleos.org/registry/NGO_00035,Externally verified
NGO_00036,https://ngodarpan.gov.in,False,False,2013.0,8962.0,Nutrition & Food Security,,12AB,Valid,Valid,Not Applicable,13567097.64,26075438.29,2026-02-16,https://eleos.org/registry/NGO_00036,Self-reported
NGO_00037,NGO Website,True,True,2025.0,22750.0,Healthcare & Medical,Not Found,,Not Found,Not Found,Not Applicable,47993686.73,22460799.33,2026-04-14,https://eleos.org/registry/NGO_00037,Self-reported
NGO_00038,https://ngodarpan.gov.in,True,True,2025.0,20727.0,Environment & Forests,Not Found,,Not Found,Expired,Not Applicable,28265227.67,16925940.48,2026-03-25,https://eleos.org/registry/NGO_00038,Self-reported
NGO_00039,https://ngodarpan.gov.in,True,True,2025.0,24692.0,Environment & Forests,Expired,,Not Found,Not Found,Not Applicable,30676042.98,34259161.77,2026-02-07,https://eleos.org/registry/NGO_00039,Self-reported
NGO_00040,https://ngodarpan.gov.in,True,True,2025.0,,Water & Sanitation,,,Not Found,Expired,Not Applicable,216831037.19,44757898.78,2026-01-22,https://eleos.org/registry/NGO_00040,Self-reported
NGO_00041,NGO Website,True,True,2015.0,3563.0,Child Welfare,,12AB,Valid,Valid,Not Applicable,4743666.82,,2026-06-13,https://eleos.org/registry/NGO_00041,Externally verified
NGO_00042,https://ngodarpan.gov.in,True,True,2020.0,22782.0,Skill Development & Livelihood,Expired,12AB,Valid,Valid,Not Applicable,38424857.46,25289558.87,2026-06-09,https://eleos.org/registry/NGO_00042,Externally verified
NGO_00043,https://ngodarpan.gov.in,True,True,2023.0,3909.0,Education,Valid,12AB,Valid,Valid,Not Applicable,3663741.0,6007879.28,2026-01-30,https://eleos.org/registry/NGO_00043,Externally verified
NGO_00044,NGO Website,True,True,2019.0,17561.0,Environment & Forests,Expired,12AB,Valid,Valid,Not Applicable,,33345338.14,2026-03-12,https://eleos.org/registry/NGO_00044,Externally verified
NGO_00045,https://ngodarpan.gov.in,True,True,2025.0,1878.0,Disaster Relief & Rehabilitation,Not Found,,Expired,Expired,Not Applicable,3756320.33,,2026-07-09,https://eleos.org/registry/NGO_00045,Self-reported
NGO_00046,NGO Website,True,True,1997.0,9745.0,Nutrition & Food Security,Not Found,12AB,Valid,Not Found,Not Applicable,20378622.12,7973145.99,2026-05-17,https://eleos.org/registry/NGO_00046,Externally verified
NGO_00047,https://ngodarpan.gov.in,True,True,2019.0,95423.0,Nutrition & Food Security,Valid,12AB,Valid,Not Found,Valid,181658579.71,108649039.73,2026-04-15,https://eleos.org/registry/NGO_00047,Externally verified
NGO_00048,https://ngodarpan.gov.in,True,True,2015.0,,Water & Sanitation,Expired,12AB,Valid,Valid,Not Applicable,3124730.43,2346766.89,2026-04-10,https://eleos.org/registry/NGO_00048,Externally verified
NGO_00049,https://ngodarpan.gov.in,True,True,2023.0,,Environment & Forests,Valid,12AB,Valid,Valid,Not Applicable,8519063.46,11406169.77,2026-01-22,https://eleos.org/registry/NGO_00049,Externally verified
NGO_00050,https://ngodarpan.gov.in,True,True,2020.0,1959.0,Water & Sanitation,Not Found,12AB,Valid,Valid,Not Applicable,4065975.58,2803618.34,2025-12-08,https://eleos.org/registry/NGO_00050,Externally verified
NGO_00051,https://ngodarpan.gov.in,True,True,2021.0,12797.0,Women Empowerment,Not Found,12AB,Valid,Valid,Not Applicable,19632001.83,27538506.34,2026-06-10,https://eleos.org/registry/NGO_00051,Externally verified
NGO_00052,https://ngodarpan.gov.in,True,False,2012.0,17313.0,Nutrition & Food Security,Valid,12AB,Valid,Valid,Not Applicable,26103300.76,14881634.86,2025-11-20,https://eleos.org/registry/NGO_00052,Self-reported
NGO_00053,https://ngodarpan.gov.in,True,False,2021.0,2478.0,Education,Expired,12AB,Valid,Valid,Not Applicable,5002404.74,6565821.4,2025-12-02,https://eleos.org/registry/NGO_00053,Self-reported
NGO_00054,https://ngodarpan.gov.in,True,True,2024.0,47560.0,Child Welfare,,12AB,Valid,Valid,Not Applicable,36706790.31,65271780.21,2026-06-28,https://eleos.org/registry/NGO_00054,Externally verified
NGO_00055,NGO Website,True,True,2022.0,606.0,Nutrition & Food Security,Not Found,12AB,Valid,Valid,Not Applicable,941093.39,,2026-03-02,https://eleos.org/registry/NGO_00055,Externally verified
NGO_00056,https://ngodarpan.gov.in,True,True,2025.0,824.0,Environment & Forests,Expired,12AB,Valid,Not Found,Not Applicable,1314567.1,1474553.62,2026-07-20,https://eleos.org/registry/NGO_00056,Externally verified
NGO_00057,https://ngodarpan.gov.in,False,False,2023.0,1681.0,Healthcare & Medical,Valid,,Expired,Expired,Not Applicable,2306712.47,2445638.12,2026-07-01,https://eleos.org/registry/NGO_00057,Self-reported
NGO_00058,https://ngodarpan.gov.in,True,True,2019.0,18291.0,Education,Valid,12AB,Valid,Valid,Not Applicable,23982048.24,48035557.39,2025-12-29,https://eleos.org/registry/NGO_00058,Externally verified
NGO_00059,https://ngodarpan.gov.in,True,True,2023.0,103706.0,Child Welfare,Not Found,12AB,Valid,Valid,Not Applicable,,93511031.24,2026-02-01,https://eleos.org/registry/NGO_00059,Externally verified
NGO_00060,https://ngodarpan.gov.in,True,True,2014.0,3512.0,Environment & Forests,,12AB,Valid,Valid,Not Applicable,3498254.15,4977642.3,2026-08-05,https://eleos.org/registry/NGO_00060,Externally verified
NGO_00061,https://ngodarpan.gov.in,True,True,2017.0,4925.0,Disaster Relief & Rehabilitation,Valid,12AB,Valid,Valid,Not Applicable,9711267.97,14890628.74,2026-03-15,https://eleos.org/registry/NGO_00061,Externally verified
NGO_00062,https://ngodarpan.gov.in,True,True,2014.0,,Water & Sanitation,Not Found,12AB,Valid,Valid,Valid,10609343.04,6913675.08,2026-03-23,https://eleos.org/registry/NGO_00062,Externally verified
NGO_00063,https://ngodarpan.gov.in,True,True,2006.0,149007.0,Education,Valid,12AB,Valid,Valid,Valid,228884565.16,,2026-04-22,https://eleos.org/registry/NGO_00063,Externally verified
NGO_00064,https://ngodarpan.gov.in,True,True,2005.0,1675.0,Water & Sanitation,Expired,12AB,Valid,Valid,Not Applicable,3920467.58,,2026-03-04,https://eleos.org/registry/NGO_00064,Externally verified
NGO_00065,https://ngodarpan.gov.in,True,True,1997.0,14013.0,Women Empowerment,,,Not Found,Expired,Not Applicable,,10101103.26,2026-02-20,https://eleos.org/registry/NGO_00065,Self-reported
NGO_00066,https://ngodarpan.gov.in,True,True,2012.0,561.0,Nutrition & Food Security,Valid,12AB,Valid,Valid,Not Applicable,1152811.15,,2026-07-21,https://eleos.org/registry/NGO_00066,Externally verified
NGO_00067,NGO Website,True,True,2022.0,22994.0,Healthcare & Medical,,12AB,Valid,Valid,Not Applicable,40304193.11,80558163.88,2026-06-06,https://eleos.org/registry/NGO_00067,Externally verified
NGO_00068,https://ngodarpan.gov.in,True,True,2021.0,1284.0,Nutrition & Food Security,Valid,12AB,Valid,Valid,Not Applicable,1874434.46,2808130.11,2026-06-07,https://eleos.org/registry/NGO_00068,Externally verified
NGO_00069,https://ngodarpan.gov.in,True,True,2003.0,,Environment & Forests,Expired,12AB,Valid,Valid,Not Found,2693174.88,4482611.54,2026-04-02,https://eleos.org/registry/NGO_00069,Externally verified
NGO_00070,https://ngodarpan.gov.in,True,True,2000.0,143695.0,Nutrition & Food Security,Valid,12AB,Valid,Valid,Not Applicable,137583755.42,97307586.06,2026-05-10,https://eleos.org/registry/NGO_00070,Externally verified
NGO_00071,NGO Website,True,True,2013.0,548.0,Environment & Forests,Valid,12AB,Valid,Valid,Not Applicable,742419.52,,2026-03-12,https://eleos.org/registry/NGO_00071,Externally verified
NGO_00072,https://ngodarpan.gov.in,True,True,2016.0,17726.0,Child Welfare,,12AB,Valid,Valid,Not Applicable,28547159.75,25982166.18,2026-08-09,https://eleos.org/registry/NGO_00072,Externally verified
NGO_00073,https://ngodarpan.gov.in,True,True,2007.0,785.0,Rural Development,Valid,,Not Found,Not Found,Not Applicable,1202821.74,,2026-02-21,https://eleos.org/registry/NGO_00073,Self-reported
NGO_00074,https://ngodarpan.gov.in,True,True,2008.0,,Healthcare & Medical,Valid,12AB,Valid,Valid,Not Applicable,27414225.09,,2026-08-01,https://eleos.org/registry/NGO_00074,Externally verified
NGO_00075,https://ngodarpan.gov.in,True,True,2024.0,3947.0,Environment & Forests,Expired,12AB,Valid,Valid,Not Applicable,7374971.68,5593784.77,2026-03-16,https://eleos.org/registry/NGO_00075,Externally verified
NGO_00076,NGO Website,True,True,2021.0,9955.0,Water & Sanitation,Expired,12AB,Valid,Not Found,Not Applicable,13876610.7,14276258.23,2026-07-22,https://eleos.org/registry/NGO_00076,Externally verified
NGO_00077,NGO Website,True,True,2014.0,,Skill Development & Livelihood,Not Found,12AB,Valid,Valid,Not Applicable,3172174.2,3480947.22,2026-02-13,https://eleos.org/registry/NGO_00077,Externally verified
NGO_00078,https://ngodarpan.gov.in,True,True,2018.0,1263.0,Environment & Forests,Valid,12AB,Valid,Not Found,Valid,1269234.83,,2026-02-20,https://eleos.org/registry/NGO_00078,Externally verified
NGO_00079,https://ngodarpan.gov.in,True,True,2024.0,191272.0,Disaster Relief & Rehabilitation,Valid,,Not Found,Not Found,Not Applicable,294855961.46,132890481.55,2026-04-27,https://eleos.org/registry/NGO_00079,Self-reported
NGO_00080,https://ngodarpan.gov.in,True,False,1996.0,26633.0,Nutrition & Food Security,Valid,,Not Found,Not Found,Not Applicable,44145339.04,20696406.99,2026-07-22,https://eleos.org/registry/NGO_00080,Self-reported
NGO_00081,https://ngodarpan.gov.in,True,True,,9716.0,Rural Development,Not Found,12AB,Valid,Valid,Expired,24626788.64,11811765.02,2026-01-17,https://eleos.org/registry/NGO_00081,Externally verified
NGO_00082,https://ngodarpan.gov.in,True,True,2011.0,4498.0,Water & Sanitation,Valid,,Expired,Not Found,Not Applicable,3769919.1,6018969.5,2026-04-05,https://eleos.org/registry/NGO_00082,Self-reported
NGO_00083,https://ngodarpan.gov.in,True,False,2025.0,1106.0,Skill Development & Livelihood,Not Found,,Expired,Not Found,Not Applicable,,1785579.71,2026-02-18,https://eleos.org/registry/NGO_00083,Self-reported
NGO_00084,https://ngodarpan.gov.in,True,True,2015.0,48113.0,Nutrition & Food Security,Valid,12AB,Valid,Valid,Not Applicable,117219339.49,25403858.7,2025-12-25,https://eleos.org/registry/NGO_00084,Externally verified
NGO_00085,https://ngodarpan.gov.in,True,True,2005.0,17763.0,Healthcare & Medical,Valid,12AB,Valid,Not Found,Not Applicable,30516348.86,,2026-01-24,https://eleos.org/registry/NGO_00085,Externally verified
NGO_00086,NGO Website,True,True,2021.0,5446.0,Healthcare & Medical,Valid,12AB,Valid,Expired,Not Applicable,9567875.11,11858536.7,2026-05-21,https://eleos.org/registry/NGO_00086,Externally verified
NGO_00087,NGO Website,True,True,2013.0,1415.0,Women Empowerment,,12AB,Valid,Expired,Not Applicable,1293763.92,1079767.81,2026-07-12,https://eleos.org/registry/NGO_00087,Externally verified
NGO_00088,https://ngodarpan.gov.in,True,True,2010.0,664.0,Nutrition & Food Security,Not Found,12AB,Valid,Valid,Valid,1293130.8,,2026-07-07,https://eleos.org/registry/NGO_00088,Externally verified
NGO_00089,https://ngodarpan.gov.in,True,True,2017.0,1788.0,Environment & Forests,,12AB,Valid,Valid,Not Applicable,4233374.74,2995037.15,2026-06-15,https://eleos.org/registry/NGO_00089,Externally verified
NGO_00090,https://ngodarpan.gov.in,True,True,2015.0,26338.0,Water & Sanitation,Valid,12AB,Valid,Valid,Not Applicable,51736813.55,84561221.32,2025-11-26,https://eleos.org/registry/NGO_00090,Externally verified
NGO_00091,https://ngodarpan.gov.in,True,True,2017.0,,Women Empowerment,Expired,12AB,Valid,Valid,Valid,3598961.94,6163304.86,2026-05-29,https://eleos.org/registry/NGO_00091,Externally verified
NGO_00092,https://ngodarpan.gov.in,True,True,2017.0,255.0,Nutrition & Food Security,,,Expired,Expired,Expired,528295.81,398718.53,2026-07-25,https://eleos.org/registry/NGO_00092,Self-reported
NGO_00093,https://ngodarpan.gov.in,True,True,2023.0,1322.0,Child Welfare,,12AB,Valid,Not Found,Not Applicable,1070377.13,1181917.93,2026-04-13,https://eleos.org/registry/NGO_00093,Externally verified
NGO_00094,https://ngodarpan.gov.in,True,True,2019.0,12061.0,Environment & Forests,Expired,12AB,Valid,Valid,Not Applicable,8625379.1,13068865.12,2026-01-24,https://eleos.org/registry/NGO_00094,Externally verified
NGO_00095,https://ngodarpan.gov.in,True,True,2024.0,26051.0,Women Empowerment,Not Found,12AB,Valid,Expired,Not Applicable,46313431.33,42002654.63,2026-02-12,https://eleos.org/registry/NGO_00095,Externally verified
NGO_00096,https://ngodarpan.gov.in,True,True,2020.0,1810.0,Nutrition & Food Security,Valid,12AB,Valid,Valid,Not Applicable,3548405.05,,2026-04-09,https://eleos.org/registry/NGO_00096,Externally verified
NGO_00097,https://ngodarpan.gov.in,True,True,2014.0,227209.0,Nutrition & Food Security,Not Found,12AB,Valid,Valid,Valid,,89072625.73,2026-04-06,https://eleos.org/registry/NGO_00097,Externally verified
NGO_00098,https://ngodarpan.gov.in,True,True,2022.0,,Disaster Relief & Rehabilitation,,,Expired,Not Found,Not Applicable,1994525.63,3395538.28,2026-01-24,https://eleos.org/registry/NGO_00098,Self-reported
NGO_00099,https://ngodarpan.gov.in,True,True,2024.0,3328.0,Environment & Forests,Valid,,Not Found,Not Found,Not Applicable,2856972.26,4681605.64,2026-01-04,https://eleos.org/registry/NGO_00099,Self-reported
NGO_00100,https://ngodarpan.gov.in,True,True,2025.0,,Women Empowerment,,,Not Found,Not Found,Not Applicable,1836261.45,,2026-07-02,https://eleos.org/registry/NGO_00100,Self-reported
NGO_00101,https://ngodarpan.gov.in,True,True,2010.0,12263.0,Women Empowerment,Not Found,12AB,Valid,Valid,Not Applicable,18974238.64,19903059.35,2025-12-07,https://eleos.org/registry/NGO_00101,Externally verified
NGO_00102,https://ngodarpan.gov.in,True,True,2022.0,2851.0,Child Welfare,Expired,12AB,Valid,Valid,Not Applicable,3799163.45,,2026-03-17,https://eleos.org/registry/NGO_00102,Externally verified
NGO_00103,https://ngodarpan.gov.in,True,True,2025.0,3649.0,Healthcare & Medical,,12AB,Valid,Not Found,Not Applicable,8716287.97,9617270.69,2026-05-05,https://eleos.org/registry/NGO_00103,Externally verified
NGO_00104,https://ngodarpan.gov.in,True,True,2015.0,1613.0,Women Empowerment,Valid,12AB,Valid,Valid,Not Found,1197039.16,,2026-01-05,https://eleos.org/registry/NGO_00104,Externally verified
NGO_00105,https://ngodarpan.gov.in,True,True,1998.0,1927.0,Skill Development & Livelihood,Not Found,12AB,Valid,Valid,Not Applicable,2254266.59,3697623.0,2025-12-18,https://eleos.org/registry/NGO_00105,Externally verified
NGO_00106,https://ngodarpan.gov.in,True,True,2025.0,,Skill Development & Livelihood,Valid,,Not Found,Not Found,Not Applicable,23895167.82,,2026-04-28,https://eleos.org/registry/NGO_00106,Self-reported
NGO_00107,https://ngodarpan.gov.in,True,True,2011.0,8376.0,Environment & Forests,Not Found,12AB,Valid,Valid,Not Applicable,16635262.12,21527728.69,2026-03-14,https://eleos.org/registry/NGO_00107,Externally verified
NGO_00108,https://ngodarpan.gov.in,True,True,2023.0,79578.0,Women Empowerment,Valid,12AB,Valid,Not Found,Not Applicable,178530428.12,,2026-06-28,https://eleos.org/registry/NGO_00108,Externally verified
NGO_00109,https://ngodarpan.gov.in,True,True,2014.0,21233.0,Rural Development,Expired,12AB,Valid,Valid,Not Applicable,29321976.09,28219308.96,2026-06-06,https://eleos.org/registry/NGO_00109,Externally verified
NGO_00110,NGO Website,True,True,2022.0,3783.0,Disaster Relief & Rehabilitation,,12AB,Valid,Valid,Not Applicable,6727633.73,,2026-04-20,https://eleos.org/registry/NGO_00110,Externally verified
NGO_00111,https://ngodarpan.gov.in,True,True,2016.0,178588.0,Healthcare & Medical,Valid,12AB,Valid,Valid,Expired,262663971.27,469053781.91,2026-07-29,https://eleos.org/registry/NGO_00111,Externally verified
NGO_00112,https://ngodarpan.gov.in,True,True,2021.0,1374.0,Nutrition & Food Security,,,Expired,Not Found,Not Applicable,1837362.36,2913756.21,2026-04-14,https://eleos.org/registry/NGO_00112,Self-reported
NGO_00113,https://ngodarpan.gov.in,True,True,2010.0,6204.0,Women Empowerment,Expired,12AB,Valid,Valid,Not Applicable,11749928.36,4307108.57,2026-03-12,https://eleos.org/registry/NGO_00113,Externally verified
NGO_00114,NGO Website,True,True,,1247.0,Water & Sanitation,Valid,12AB,Valid,Not Found,Valid,,1846425.26,2026-02-05,https://eleos.org/registry/NGO_00114,Externally verified
NGO_00115,NGO Website,True,True,2010.0,13829.0,Disaster Relief & Rehabilitation,,12AB,Valid,Valid,Not Applicable,32469554.4,,2026-03-10,https://eleos.org/registry/NGO_00115,Externally verified
NGO_00116,NGO Website,True,True,2023.0,,Healthcare & Medical,Not Found,12AB,Valid,Valid,Not Applicable,35769315.44,32620858.21,2026-04-26,https://eleos.org/registry/NGO_00116,Externally verified
NGO_00117,https://ngodarpan.gov.in,True,True,2005.0,853.0,Education,Valid,12AB,Valid,Valid,Not Applicable,1901024.84,2210557.4,2026-05-29,https://eleos.org/registry/NGO_00117,Externally verified
NGO_00118,NGO Website,True,True,2020.0,69887.0,Education,Not Found,12AB,Valid,Valid,Not Applicable,93729198.83,,2026-07-31,https://eleos.org/registry/NGO_00118,Externally verified
NGO_00119,https://ngodarpan.gov.in,True,True,2022.0,3821.0,Women Empowerment,Not Found,12AB,Valid,Valid,Not Applicable,6576932.32,,2026-03-30,https://eleos.org/registry/NGO_00119,Externally verified
NGO_00120,https://ngodarpan.gov.in,True,True,2011.0,1538.0,Nutrition & Food Security,Valid,12AB,Valid,Valid,Not Applicable,1536701.61,1679371.26,2026-06-07,https://eleos.org/registry/NGO_00120,Externally verified
NGO_00121,NGO Website,True,True,,17816.0,Nutrition & Food Security,Valid,12AB,Valid,Valid,Expired,33061102.38,60998727.26,2026-03-03,https://eleos.org/registry/NGO_00121,Externally verified
NGO_00122,https://ngodarpan.gov.in,True,True,2023.0,,Environment & Forests,Valid,12AB,Valid,Valid,Not Applicable,,,2026-07-09,https://eleos.org/registry/NGO_00122,Externally verified
NGO_00123,https://ngodarpan.gov.in,True,True,2019.0,1246.0,Education,,12AB,Valid,Valid,Not Applicable,1217044.78,958319.1,2026-03-09,https://eleos.org/registry/NGO_00123,Externally verified
NGO_00124,NGO Website,True,True,2019.0,209892.0,Women Empowerment,Not Found,12AB,Valid,Valid,Not Applicable,275874482.01,311211577.58,2026-05-03,https://eleos.org/registry/NGO_00124,Externally verified
NGO_00125,NGO Website,True,True,2011.0,1024.0,Nutrition & Food Security,Valid,,Expired,Not Found,Not Applicable,1043714.74,1726910.01,2026-05-05,https://eleos.org/registry/NGO_00125,Self-reported
NGO_00126,https://ngodarpan.gov.in,True,True,,5317.0,Environment & Forests,,,Not Found,Not Found,Not Applicable,7575864.41,,2026-07-31,https://eleos.org/registry/NGO_00126,Self-reported
NGO_00127,https://ngodarpan.gov.in,True,False,2025.0,,Child Welfare,,,Not Found,Not Found,Not Applicable,6209234.86,4566057.28,2025-12-24,https://eleos.org/registry/NGO_00127,Self-reported
NGO_00128,https://ngodarpan.gov.in,True,False,2023.0,1015.0,Environment & Forests,Valid,,Not Found,Not Found,Not Applicable,1577769.39,,2026-04-06,https://eleos.org/registry/NGO_00128,Self-reported
NGO_00129,https://ngodarpan.gov.in,True,True,2011.0,1277.0,Nutrition & Food Security,Not Found,,Not Found,Not Found,Not Found,1766367.25,2187521.69,2026-06-23,https://eleos.org/registry/NGO_00129,Self-reported
NGO_00130,https://ngodarpan.gov.in,True,True,2024.0,4085.0,Healthcare & Medical,,12AB,Valid,Valid,Not Applicable,,3681619.27,2026-05-19,https://eleos.org/registry/NGO_00130,Externally verified
NGO_00131,https://ngodarpan.gov.in,True,True,2024.0,34288.0,Women Empowerment,Expired,12AB,Valid,Valid,Not Applicable,44742949.21,,2026-07-24,https://eleos.org/registry/NGO_00131,Externally verified
NGO_00132,https://ngodarpan.gov.in,False,False,2025.0,2129.0,Skill Development & Livelihood,Valid,,Not Found,Expired,Not Applicable,,7698771.05,2026-06-18,https://eleos.org/registry/NGO_00132,Self-reported
NGO_00133,https://ngodarpan.gov.in,True,True,2017.0,,Water & Sanitation,Valid,12AB,Valid,Valid,Not Applicable,3392165.17,2336065.67,2026-03-08,https://eleos.org/registry/NGO_00133,Externally verified
NGO_00134,https://ngodarpan.gov.in,True,True,2012.0,13832.0,Nutrition & Food Security,Not Found,12AB,Valid,Valid,Not Applicable,10266863.0,,2026-03-27,https://eleos.org/registry/NGO_00134,Externally verified
NGO_00135,https://ngodarpan.gov.in,True,True,2013.0,125715.0,Child Welfare,Not Found,12AB,Valid,Valid,Not Applicable,109124166.12,,2026-03-15,https://eleos.org/registry/NGO_00135,Externally verified
NGO_00136,https://ngodarpan.gov.in,True,True,2024.0,7503.0,Healthcare & Medical,Valid,12AB,Valid,Valid,Not Applicable,14935732.14,3726761.56,2025-12-02,https://eleos.org/registry/NGO_00136,Externally verified
NGO_00137,https://ngodarpan.gov.in,True,True,2015.0,2537.0,Education,Valid,12AB,Valid,Expired,Not Applicable,2088011.68,,2026-06-23,https://eleos.org/registry/NGO_00137,Externally verified
NGO_00138,https://ngodarpan.gov.in,True,True,2014.0,962.0,Water & Sanitation,Expired,12AB,Valid,Not Found,Valid,1480277.79,545458.19,2026-02-03,https://eleos.org/registry/NGO_00138,Externally verified
NGO_00139,https://ngodarpan.gov.in,True,True,,37765.0,Disaster Relief & Rehabilitation,Not Found,12AB,Valid,Valid,Not Applicable,44965976.25,16183711.64,2026-06-09,https://eleos.org/registry/NGO_00139,Externally verified
NGO_00140,https://ngodarpan.gov.in,True,True,2022.0,,Water & Sanitation,Expired,12AB,Valid,Expired,Not Found,8914567.78,,2026-05-12,https://eleos.org/registry/NGO_00140,Externally verified
NGO_00141,https://ngodarpan.gov.in,True,True,2013.0,12163.0,Rural Development,Expired,12AB,Valid,Valid,Valid,,,2026-08-08,https://eleos.org/registry/NGO_00141,Externally verified
NGO_00142,https://ngodarpan.gov.in,True,True,2011.0,56120.0,Education,Not Found,12AB,Valid,Valid,Not Applicable,141081255.87,,2026-05-11,https://eleos.org/registry/NGO_00142,Externally verified
NGO_00143,https://ngodarpan.gov.in,False,False,1997.0,1216.0,Healthcare & Medical,Valid,12AB,Valid,Valid,Expired,,1709977.97,2026-04-04,https://eleos.org/registry/NGO_00143,Self-reported
NGO_00144,https://ngodarpan.gov.in,False,False,2025.0,166653.0,Education,,,Not Found,Not Found,Not Applicable,349689695.04,393669182.81,2025-11-23,https://eleos.org/registry/NGO_00144,Self-reported
NGO_00145,https://ngodarpan.gov.in,True,True,2013.0,2894.0,Education,Valid,12AB,Valid,Valid,Not Applicable,3678038.46,4091665.74,2026-03-09,https://eleos.org/registry/NGO_00145,Externally verified
NGO_00146,https://ngodarpan.gov.in,True,True,1997.0,107217.0,Water & Sanitation,Expired,12AB,Valid,Valid,Not Applicable,147513040.73,,2026-02-19,https://eleos.org/registry/NGO_00146,Externally verified
NGO_00147,https://ngodarpan.gov.in,True,True,2014.0,4704.0,Women Empowerment,,,Not Found,Not Found,Not Applicable,,13590391.27,2026-01-15,https://eleos.org/registry/NGO_00147,Self-reported
NGO_00148,NGO Website,True,True,2014.0,12359.0,Environment & Forests,Expired,12AB,Valid,Valid,Not Applicable,22684641.78,9651680.24,2026-02-13,https://eleos.org/registry/NGO_00148,Externally verified
NGO_00149,https://ngodarpan.gov.in,True,True,2016.0,,Water & Sanitation,,12AB,Valid,Valid,Expired,,3025605.13,2026-05-04,https://eleos.org/registry/NGO_00149,Externally verified
NGO_00150,NGO Website,True,True,1996.0,,Environment & Forests,Not Found,,Not Found,Expired,Not Found,842465.5,736537.51,2026-01-03,https://eleos.org/registry/NGO_00150,Self-reported
NGO_00151,https://ngodarpan.gov.in,True,True,,21736.0,Child Welfare,Valid,12AB,Valid,Valid,Not Applicable,42419792.79,68861044.62,2026-07-22,https://eleos.org/registry/NGO_00151,Externally verified
NGO_00152,NGO Website,False,False,2014.0,23013.0,Healthcare & Medical,,12AB,Valid,Valid,Expired,41871624.12,,2026-06-02,https://eleos.org/registry/NGO_00152,Self-reported
NGO_00153,NGO Website,True,True,2020.0,17202.0,Skill Development & Livelihood,Not Found,12AB,Valid,Not Found,Not Applicable,15262361.79,,2026-02-08,https://eleos.org/registry/NGO_00153,Externally verified
NGO_00154,NGO Website,True,True,2020.0,1723.0,Water & Sanitation,Not Found,12AB,Valid,Valid,Not Applicable,2254929.12,797343.85,2026-01-21,https://eleos.org/registry/NGO_00154,Externally verified
NGO_00155,https://ngodarpan.gov.in,True,True,2020.0,30673.0,Healthcare & Medical,,12AB,Valid,Valid,Expired,29455828.88,22085585.01,2026-01-29,https://eleos.org/registry/NGO_00155,Externally verified
NGO_00156,https://ngodarpan.gov.in,True,True,2003.0,128775.0,Healthcare & Medical,Expired,12AB,Valid,Valid,Valid,229970034.76,408248615.41,2025-11-24,https://eleos.org/registry/NGO_00156,Externally verified
NGO_00157,NGO Website,True,True,1999.0,6551.0,Child Welfare,Valid,12AB,Valid,Valid,Expired,,24048650.61,2026-02-11,https://eleos.org/registry/NGO_00157,Externally verified
NGO_00158,https://ngodarpan.gov.in,True,True,2022.0,1179.0,Disaster Relief & Rehabilitation,Not Found,12AB,Valid,Valid,Not Applicable,2591641.24,1734518.33,2026-04-20,https://eleos.org/registry/NGO_00158,Externally verified
NGO_00159,https://ngodarpan.gov.in,True,True,2012.0,19913.0,Healthcare & Medical,Valid,12AB,Valid,Valid,Expired,,,2026-08-24,https://eleos.org/registry/NGO_00159,Externally verified
NGO_00160,https://ngodarpan.gov.in,True,True,2023.0,1053.0,Environment & Forests,Valid,12AB,Valid,Valid,Not Applicable,1742931.32,781775.72,2026-04-19,https://eleos.org/registry/NGO_00160,Externally verified
NGO_00161,NGO Website,True,True,2013.0,19643.0,Women Empowerment,Valid,12AB,Valid,Valid,Valid,36901790.75,69506552.35,2026-01-19,https://eleos.org/registry/NGO_00161,Externally verified
NGO_00162,NGO Website,True,True,2007.0,2166.0,Skill Development & Livelihood,Expired,12AB,Valid,Valid,Expired,3340356.41,2246100.46,2026-04-02,https://eleos.org/registry/NGO_00162,Externally verified
NGO_00163,https://ngodarpan.gov.in,True,True,2025.0,109896.0,Skill Development & Livelihood,Not Found,,Not Found,Expired,Not Applicable,149451100.11,223368403.27,2026-08-26,https://eleos.org/registry/NGO_00163,Self-reported
NGO_00164,https://ngodarpan.gov.in,True,True,2021.0,6711.0,Nutrition & Food Security,Valid,12AB,Valid,Valid,Not Applicable,7459481.31,4471167.91,2026-05-29,https://eleos.org/registry/NGO_00164,Externally verified
NGO_00165,https://ngodarpan.gov.in,True,True,2025.0,604.0,Rural Development,Expired,,Expired,Not Found,Not Applicable,640026.49,1298968.78,2025-12-30,https://eleos.org/registry/NGO_00165,Self-reported
NGO_00166,https://ngodarpan.gov.in,True,True,2016.0,2553.0,Disaster Relief & Rehabilitation,Expired,12AB,Valid,Valid,Not Applicable,3812348.19,4026136.81,2026-08-26,https://eleos.org/registry/NGO_00166,Externally verified
NGO_00167,https://ngodarpan.gov.in,True,True,2022.0,7569.0,Nutrition & Food Security,,12AB,Valid,Valid,Not Applicable,16465137.04,7513291.33,2026-07-13,https://eleos.org/registry/NGO_00167,Externally verified
NGO_00168,NGO Website,True,True,1998.0,3593.0,Healthcare & Medical,Valid,12AB,Valid,Valid,Not Applicable,3319735.63,5785131.75,2026-06-18,https://eleos.org/registry/NGO_00168,Externally verified
NGO_00169,https://ngodarpan.gov.in,True,True,2017.0,265995.0,Skill Development & Livelihood,,12AB,Valid,Valid,Not Applicable,253941537.93,306883482.48,2026-04-22,https://eleos.org/registry/NGO_00169,Externally verified
NGO_00170,https://ngodarpan.gov.in,True,True,2019.0,7164.0,Child Welfare,Expired,12AB,Valid,Valid,Not Applicable,,11464306.11,2026-05-30,https://eleos.org/registry/NGO_00170,Externally verified
NGO_00171,https://ngodarpan.gov.in,True,True,2017.0,26134.0,Rural Development,Not Found,12AB,Valid,Valid,Not Applicable,43311631.74,55159674.92,2026-03-16,https://eleos.org/registry/NGO_00171,Externally verified
NGO_00172,https://ngodarpan.gov.in,True,True,,1888.0,Water & Sanitation,Expired,,Expired,Not Found,Not Applicable,4196619.03,2274643.78,2026-08-23,https://eleos.org/registry/NGO_00172,Self-reported
NGO_00173,https://ngodarpan.gov.in,True,True,2022.0,50952.0,Nutrition & Food Security,Not Found,12AB,Valid,Valid,Not Found,,50893095.67,2026-02-02,https://eleos.org/registry/NGO_00173,Externally verified
NGO_00174,https://ngodarpan.gov.in,True,True,2015.0,15429.0,Rural Development,,,Not Found,Expired,Not Applicable,18513472.88,27894647.03,2026-05-05,https://eleos.org/registry/NGO_00174,Self-reported
NGO_00175,https://ngodarpan.gov.in,True,True,2024.0,2939.0,Environment & Forests,Not Found,12AB,Valid,Valid,Not Applicable,4186574.76,4007136.16,2025-12-12,https://eleos.org/registry/NGO_00175,Externally verified
NGO_00176,https://ngodarpan.gov.in,True,True,2022.0,32389.0,Women Empowerment,Valid,12AB,Valid,Valid,Not Found,,,2026-06-14,https://eleos.org/registry/NGO_00176,Externally verified
NGO_00177,NGO Website,True,True,2025.0,1245.0,Skill Development & Livelihood,Not Found,,Not Found,Not Found,Not Applicable,2487273.9,4142512.34,2025-12-01,https://eleos.org/registry/NGO_00177,Self-reported
NGO_00178,NGO Website,False,False,2015.0,2092.0,Nutrition & Food Security,Expired,12AB,Valid,Valid,Not Applicable,2981788.72,1866812.66,2026-03-29,https://eleos.org/registry/NGO_00178,Self-reported
NGO_00179,NGO Website,True,True,2002.0,277027.0,Nutrition & Food Security,Not Found,,Not Found,Expired,Not Applicable,265314455.93,138753574.03,2025-11-28,https://eleos.org/registry/NGO_00179,Self-reported
NGO_00180,https://ngodarpan.gov.in,True,True,2024.0,1301.0,Skill Development & Livelihood,,12AB,Valid,Not Found,Not Applicable,2152810.49,1725169.44,2026-07-09,https://eleos.org/registry/NGO_00180,Externally verified
NGO_00181,NGO Website,True,True,2023.0,53585.0,Skill Development & Livelihood,,12AB,Valid,Valid,Not Applicable,46206307.89,65946821.16,2026-07-26,https://eleos.org/registry/NGO_00181,Externally verified
NGO_00182,https://ngodarpan.gov.in,True,True,2015.0,3041.0,Environment & Forests,,12AB,Valid,Valid,Expired,3453778.26,1390171.64,2026-03-22,https://eleos.org/registry/NGO_00182,Externally verified
NGO_00183,https://ngodarpan.gov.in,False,False,2019.0,6300.0,Environment & Forests,Not Found,12AB,Valid,Valid,Not Applicable,13747732.46,5968064.47,2026-03-23,https://eleos.org/registry/NGO_00183,Self-reported
NGO_00184,https://ngodarpan.gov.in,True,True,2011.0,,Nutrition & Food Security,Valid,12AB,Valid,Valid,Valid,44294775.72,,2026-04-13,https://eleos.org/registry/NGO_00184,Externally verified
NGO_00185,https://ngodarpan.gov.in,True,False,,1667.0,Water & Sanitation,Expired,,Not Found,Not Found,Not Applicable,3435264.5,,2026-02-04,https://eleos.org/registry/NGO_00185,Self-reported
NGO_00186,https://ngodarpan.gov.in,True,True,2017.0,11874.0,Healthcare & Medical,,12AB,Valid,Valid,Not Applicable,,20894890.63,2026-08-02,https://eleos.org/registry/NGO_00186,Externally verified
NGO_00187,https://ngodarpan.gov.in,False,False,2025.0,163407.0,Environment & Forests,,,Expired,Not Found,Not Applicable,300435101.73,248724281.84,2026-01-09,https://eleos.org/registry/NGO_00187,Self-reported
NGO_00188,NGO Website,True,True,2023.0,1077.0,Water & Sanitation,Valid,12AB,Valid,Valid,Not Applicable,,1270233.35,2026-05-02,https://eleos.org/registry/NGO_00188,Externally verified
NGO_00189,NGO Website,True,True,2021.0,583.0,Environment & Forests,Expired,12AB,Valid,Valid,Not Applicable,524174.46,734327.95,2026-08-05,https://eleos.org/registry/NGO_00189,Externally verified
NGO_00190,https://ngodarpan.gov.in,True,True,,,Women Empowerment,,12AB,Valid,Valid,Not Applicable,7517611.04,3927346.04,2025-12-19,https://eleos.org/registry/NGO_00190,Externally verified
NGO_00191,https://ngodarpan.gov.in,True,True,,838.0,Nutrition & Food Security,Expired,,Not Found,Not Found,Not Applicable,1362237.98,,2026-06-23,https://eleos.org/registry/NGO_00191,Self-reported
NGO_00192,https://ngodarpan.gov.in,True,True,2025.0,17243.0,Rural Development,Not Found,,Not Found,Not Found,Not Applicable,36771895.24,47625774.15,2026-01-15,https://eleos.org/registry/NGO_00192,Self-reported
NGO_00193,https://ngodarpan.gov.in,True,True,,28386.0,Child Welfare,Expired,12AB,Valid,Valid,Not Applicable,34116718.5,,2026-03-31,https://eleos.org/registry/NGO_00193,Externally verified
NGO_00194,NGO Website,True,True,2025.0,,Environment & Forests,Valid,,Expired,Not Found,Not Applicable,4291980.45,2119051.44,2026-07-24,https://eleos.org/registry/NGO_00194,Self-reported
NGO_00195,https://ngodarpan.gov.in,True,True,2004.0,2506.0,Education,Valid,12AB,Valid,Valid,Not Applicable,3038188.5,4406053.92,2026-08-01,https://eleos.org/registry/NGO_00195,Externally verified
NGO_00196,https://ngodarpan.gov.in,True,True,2021.0,2480.0,Women Empowerment,Not Found,12AB,Valid,Not Found,Valid,,6837446.64,2026-08-03,https://eleos.org/registry/NGO_00196,Externally verified
NGO_00197,https://ngodarpan.gov.in,True,False,2017.0,5913.0,Skill Development & Livelihood,Valid,12AB,Valid,Not Found,Not Applicable,12083473.74,,2026-03-06,https://eleos.org/registry/NGO_00197,Self-reported
NGO_00198,https://ngodarpan.gov.in,True,True,2023.0,3722.0,Nutrition & Food Security,Expired,12AB,Valid,Valid,Not Applicable,4453817.76,6352350.38,2026-02-15,https://eleos.org/registry/NGO_00198,Externally verified
NGO_00199,https://ngodarpan.gov.in,True,True,2021.0,1701.0,Women Empowerment,,,Not Found,Expired,Not Applicable,2673128.95,2036612.51,2026-08-16,https://eleos.org/registry/NGO_00199,Self-reported
NGO_00200,https://ngodarpan.gov.in,True,True,2021.0,,Skill Development & Livelihood,Valid,12AB,Valid,Not Found,Not Applicable,1295160.37,,2025-12-15,https://eleos.org/registry/NGO_00200,Externally verified
