ngo_id,source_unique_id,ngo_name,normalized_ngo_name,registration_state,registered_district,registration_type,registration_authority,registration_number,date_of_registration,year_established,ngo_age_years,operational_states,operational_districts,number_of_operational_states,number_of_operational_districts,sectors,number_of_sectors,source_count,retrieved_at,is_potential_duplicate,duplicate_reason
NGO_00001,DARPAN_770487,Samarpan Foundation Gramin,SAMARPAN FOUNDATION GRAMIN,Delhi,Central Delhi,Trust,Sub-Registrar / Charity Commissioner,TRU/854/2001/9935,2025-01-03,2025,0.9,"[""Delhi"", ""Gujarat""]","[""Central Delhi"", ""North Delhi"", ""Rajkot""]",2,3,"[""Skill Development & Livelihood""]",1,3,2026-09-16T10:00:00,False,
NGO_00002,DARPAN_270555,Uday Network National,UDAY NETWORK NATIONAL,West Bengal,Kolkata,Section 8,Ministry of Corporate Affairs (MCA),SEC/750/2005/9751,2019-07-09,2019,6.6,"[""West Bengal"", ""Tamil Nadu""]","[""Kolkata"", ""Madurai"", ""Coimbatore""]",2,3,"[""Skill Development & Livelihood"", ""Disaster Relief & Rehabilitation"", ""Rural Development""]",3,3,2026-09-16T10:00:00,False,
NGO_00003,DARPAN_761759,Navjeevan Samiti India,NAVJEEVAN SAMITI INDIA,Tamil Nadu,Coimbatore,Trust,Sub-Registrar / Charity Commissioner,TRU/626/2010/5562,2018-03-24,2018,7.1,"[""Tamil Nadu"", ""Kerala""]","[""Coimbatore"", ""Chennai"", ""Thrissur""]",2,3,"[""Water & Sanitation"", ""Child Welfare"", ""Disaster Relief & Rehabilitation""]",3,3,2026-09-16T10:00:00,False,
NGO_00004,DARPAN_974244,Kalyan Association India,KALYAN ASSOCIATION INDIA,Gujarat,Vadodara,Section 8,Ministry of Corporate Affairs (MCA),SEC/206/2003/5333,2025-09-05,2025,0.3,"[""Gujarat""]","[""Vadodara"", ""Surat""]",1,2,"[""Water & Sanitation""]",1,2,2026-09-16T10:00:00,False,
NGO_00005,DARPAN_710805,Kalyan Society Seva,KALYAN SOCIETY SEVA,Karnataka,Bengaluru Urban,Society,Registrar of Societies,SOC/473/1997/6862,2023-02-12,2023,2.7,"[""Karnataka"", ""Delhi""]","[""Bengaluru Urban"", ""Belagavi"", ""Central Delhi""]",2,3,"[""Women Empowerment"", ""Nutrition & Food Security""]",2,3,2026-09-16T10:00:00,False,
NGO_00006,DARPAN_525800,Kalyan Foundation Gramin,KALYAN FOUNDATION GRAMIN,West Bengal,Howrah,Society,Registrar of Societies,SOC/904/2015/8618,2014-09-16,2014,11.7,"[""West Bengal""]","[""Howrah"", ""North 24 Parganas"", ""Kolkata"", ""Darjeeling""]",1,4,"[""Nutrition & Food Security"", ""Healthcare & Medical""]",2,3,2026-09-16T10:00:00,False,
NGO_00007,DARPAN_442722,Sankalp Sansthan Gramin,SANKALP SANSTHAN GRAMIN,Kerala,Kozhikode,Trust,Sub-Registrar / Charity Commissioner,TRU/581/1996/9837,2024-04-21,2024,1.8,"[""Kerala"", ""Delhi""]","[""Kozhikode"", ""Thiruvananthapuram"", ""Central Delhi"", ""New Delhi"", ""South Delhi""]",2,5,"[""Education""]",1,3,2026-09-16T10:00:00,False,
NGO_00008,DARPAN_971084,Seva Association Seva,SEVA ASSOCIATION SEVA,Delhi,North Delhi,Section 8,Ministry of Corporate Affairs (MCA),SEC/724/2019/6511,2024-03-16,2024,1.6,"[""Delhi""]","[""North Delhi"", ""South Delhi"", ""New Delhi""]",1,3,"[""Environment & Forests""]",1,3,2026-09-16T10:00:00,False,
NGO_00009,DARPAN_224205,Kalyan Sansthan National,KALYAN SANSTHAN NATIONAL,Gujarat,Rajkot,Society,Registrar of Societies,SOC/553/2014/8025,2022-10-24,2022,3.8,"[""Gujarat"", ""West Bengal""]","[""Rajkot"", ""Ahmedabad"", ""Vadodara"", ""Kolkata""]",2,4,"[""Disaster Relief & Rehabilitation""]",1,3,2026-09-16T10:00:00,False,
NGO_00010,DARPAN_364659,Sankalp Trust Seva,SANKALP TRUST SEVA,Gujarat,Ahmedabad,Section 8,Ministry of Corporate Affairs (MCA),SEC/990/2024/7770,2025-10-25,2025,1.0,"[""Gujarat""]","[""Ahmedabad"", ""Surat"", ""Rajkot"", ""Vadodara""]",1,4,"[""Child Welfare"", ""Education""]",2,3,2026-09-16T10:00:00,False,
NGO_00011,DARPAN_839485,Sahyog Sansthan National,SAHYOG SANSTHAN NATIONAL,Rajasthan,Jaipur,Trust,Sub-Registrar / Charity Commissioner,TRU/614/2016/2644,2004-09-15,2004,21.6,"[""Rajasthan""]","[""Jaipur"", ""Jodhpur"", ""Kota""]",1,3,"[""Nutrition & Food Security""]",1,3,2026-09-16T10:00:00,False,
NGO_00012,DARPAN_562236,Navjeevan Seva Sanstha Gramin,NAVJEEVAN SEVA SANSTHA GRAMIN,Karnataka,Bengaluru Urban,Society,Registrar of Societies,SOC/434/2021/3877,2021-06-17,2021,4.3,"[""Karnataka""]","[""Bengaluru Urban"", ""Dharwad"", ""Mangaluru""]",1,3,"[""Environment & Forests"", ""Nutrition & Food Security""]",2,3,2026-09-16T10:00:00,False,
NGO_00013,DARPAN_166645,Goonj Mission Gramin,GOONJ MISSION GRAMIN,Gujarat,Ahmedabad,Society,Registrar of Societies,SOC/615/2009/1710,2012-11-17,2012,14.0,"[""Gujarat""]","[""Ahmedabad"", ""Rajkot"", ""Surat""]",1,3,"[""Education""]",1,3,2026-09-16T10:00:00,False,
NGO_00014,DARPAN_144357,Deepam Foundation Seva,DEEPAM FOUNDATION SEVA,Maharashtra,Nagpur,Section 8,Ministry of Corporate Affairs (MCA),SEC/539/2020/7843,2022-06-06,2022,3.2,"[""Maharashtra""]","[""Nagpur"", ""Pune""]",1,2,"[""Water & Sanitation"", ""Child Welfare"", ""Rural Development""]",3,2,2026-09-16T10:00:00,False,
NGO_00015,DARPAN_466813,Punarutthan Sansthan National,PUNARUTTHAN SANSTHAN NATIONAL,Odisha,Khordha,Society,Registrar of Societies,SOC/672/2019/6381,2000-12-22,2000,25.1,"[""Odisha""]","[""Khordha"", ""Cuttack""]",1,2,"[""Healthcare & Medical"", ""Women Empowerment"", ""Rural Development""]",3,2,2026-09-16T10:00:00,False,
NGO_00016,DARPAN_145649,Sahyog Network Gramin,SAHYOG NETWORK GRAMIN,Tamil Nadu,Coimbatore,Trust,Sub-Registrar / Charity Commissioner,TRU/453/2010/2698,2013-06-05,2013,12.3,"[""Tamil Nadu""]","[""Coimbatore"", ""Vellore"", ""Madurai"", ""Tiruchirappalli""]",1,4,"[""Skill Development & Livelihood""]",1,3,2026-09-16T10:00:00,False,
NGO_00017,DARPAN_429657,Gramin Samiti India,GRAMIN SAMITI INDIA,Tamil Nadu,Salem,Trust,Sub-Registrar / Charity Commissioner,TRU/611/2019/2929,2023-08-07,2023,2.8,"[""Tamil Nadu""]","[""Salem"", ""Madurai""]",1,2,"[""Environment & Forests"", ""Child Welfare"", ""Disaster Relief & Rehabilitation""]",3,2,2026-09-16T10:00:00,False,
NGO_00018,DARPAN_418897,Umeed Society Gramin,UMEED SOCIETY GRAMIN,Delhi,South Delhi,Section 8,Ministry of Corporate Affairs (MCA),SEC/390/2000/5105,2021-05-05,2021,4.8,"[""Delhi""]","[""South Delhi"", ""Central Delhi"", ""New Delhi""]",1,3,"[""Water & Sanitation"", ""Skill Development & Livelihood""]",2,3,2026-09-16T10:00:00,False,
NGO_00019,DARPAN_377319,Uday Sansthan Gramin,UDAY SANSTHAN GRAMIN,Tamil Nadu,Madurai,Trust,Sub-Registrar / Charity Commissioner,TRU/683/2007/6939,2020-09-15,2020,5.7,"[""Tamil Nadu""]","[""Madurai""]",1,1,"[""Environment & Forests"", ""Healthcare & Medical""]",2,1,2026-09-16T10:00:00,False,
NGO_00020,DARPAN_910616,Vikas Association India,VIKAS ASSOCIATION INDIA,West Bengal,Kolkata,Society,Registrar of Societies,SOC/552/2011/8849,2021-05-18,2021,4.4,"[""West Bengal"", ""Odisha""]","[""Kolkata"", ""Howrah"", ""Cuttack""]",2,3,"[""Nutrition & Food Security"", ""Healthcare & Medical""]",2,3,2026-09-16T10:00:00,False,
NGO_00021,DARPAN_626930,Punarutthan Trust Gramin,PUNARUTTHAN TRUST GRAMIN,Uttar Pradesh,Prayagraj,Trust,Sub-Registrar / Charity Commissioner,TRU/324/2003/8834,2021-10-12,2021,4.2,"[""Uttar Pradesh"", ""Delhi""]","[""Prayagraj"", ""North Delhi""]",2,2,"[""Skill Development & Livelihood"", ""Child Welfare""]",2,2,2026-09-16T10:00:00,False,
NGO_00022,DARPAN_792282,Sneha Samiti Seva,SNEHA SAMITI SEVA,West Bengal,North 24 Parganas,Trust,Sub-Registrar / Charity Commissioner,TRU/670/2006/7999,2020-06-21,2020,5.5,"[""West Bengal"", ""Kerala""]","[""North 24 Parganas"", ""Ernakulam"", ""Kozhikode""]",2,3,"[""Skill Development & Livelihood"", ""Rural Development""]",2,3,2026-09-16T10:00:00,False,
NGO_00023,DARPAN_161585,Sneha Foundation India,SNEHA FOUNDATION INDIA,Tamil Nadu,Chennai,Society,Registrar of Societies,SOC/240/2009/2113,2020-09-15,2020,5.1,"[""Tamil Nadu"", ""Odisha""]","[""Chennai"", ""Salem"", ""Madurai"", ""Khordha""]",2,4,"[""Water & Sanitation""]",1,3,2026-09-16T10:00:00,False,
NGO_00024,DARPAN_570646,Kalyan Initiative Seva,KALYAN INITIATIVE SEVA,Maharashtra,Mumbai,Trust,Sub-Registrar / Charity Commissioner,TRU/462/2000/6315,2010-07-13,2010,15.2,"[""Maharashtra""]","[""Mumbai"", ""Thane""]",1,2,"[""Skill Development & Livelihood"", ""Disaster Relief & Rehabilitation""]",2,2,2026-09-16T10:00:00,False,
NGO_00025,DARPAN_685098,Shakti Seva Sanstha National,SHAKTI SEVA SANSTHA NATIONAL,Rajasthan,Udaipur,Society,Registrar of Societies,SOC/574/2004/6651,2003-05-14,2003,22.2,"[""Rajasthan""]","[""Udaipur"", ""Kota"", ""Jaipur""]",1,3,"[""Healthcare & Medical"", ""Water & Sanitation"", ""Nutrition & Food Security""]",3,3,2026-09-16T10:00:00,False,
NGO_00026,DARPAN_970392,Jan Kalyan Association India,JAN KALYAN ASSOCIATION INDIA,Rajasthan,Udaipur,Society,Registrar of Societies,SOC/982/2000/8193,2009-04-07,2009,16.8,"[""Rajasthan""]","[""Udaipur"", ""Jodhpur""]",1,2,"[""Water & Sanitation"", ""Rural Development"", ""Women Empowerment""]",3,2,2026-09-16T10:00:00,False,
NGO_00027,DARPAN_362552,Seva Network National,SEVA NETWORK NATIONAL,Tamil Nadu,Madurai,Section 8,Ministry of Corporate Affairs (MCA),SEC/412/2009/8032,2014-01-07,2014,12.0,"[""Tamil Nadu""]","[""Madurai"", ""Chennai"", ""Salem""]",1,3,"[""Nutrition & Food Security"", ""Disaster Relief & Rehabilitation""]",2,3,2026-09-16T10:00:00,False,
NGO_00028,DARPAN_865416,Jan Kalyan Foundation National,JAN KALYAN FOUNDATION NATIONAL,Maharashtra,Nashik,Trust,Sub-Registrar / Charity Commissioner,TRU/564/1998/6067,2014-03-04,2014,11.5,"[""Maharashtra"", ""Karnataka""]","[""Nashik"", ""Nagpur"", ""Raigad"", ""Dharwad"", ""Mysuru"", ""Belagavi""]",2,6,"[""Nutrition & Food Security""]",1,3,2026-09-16T10:00:00,False,
NGO_00029,DARPAN_342716,Sneha Sansthan Gramin,SNEHA SANSTHAN GRAMIN,Rajasthan,Jaipur,Section 8,Ministry of Corporate Affairs (MCA),SEC/197/2003/7461,2024-07-22,2024,1.1,"[""Rajasthan"", ""Kerala"", ""Uttar Pradesh""]","[""Jaipur"", ""Kota"", ""Jodhpur"", ""Thiruvananthapuram"", ""Varanasi""]",3,5,"[""Disaster Relief & Rehabilitation"", ""Environment & Forests"", ""Skill Development & Livelihood""]",3,3,2026-09-16T10:00:00,False,
NGO_00030,DARPAN_296242,Gramin Association Seva,GRAMIN ASSOCIATION SEVA,Karnataka,Bengaluru Urban,Section 8,Ministry of Corporate Affairs (MCA),SEC/734/2010/5835,2012-08-02,2012,13.7,"[""Karnataka""]","[""Bengaluru Urban"", ""Mangaluru""]",1,2,"[""Women Empowerment""]",1,2,2026-09-16T10:00:00,False,
NGO_00031,DARPAN_467506,Gramin Trust India,GRAMIN TRUST INDIA,Tamil Nadu,Madurai,Society,Registrar of Societies,SOC/850/2021/3725,2003-07-12,2003,22.4,"[""Tamil Nadu"", ""Odisha""]","[""Madurai"", ""Salem"", ""Vellore"", ""Tiruchirappalli"", ""Khordha"", ""Puri""]",2,6,"[""Healthcare & Medical"", ""Child Welfare""]",2,3,2026-09-16T10:00:00,False,
NGO_00032,DARPAN_995420,Navjeevan Initiative National,NAVJEEVAN INITIATIVE NATIONAL,Maharashtra,Nashik,Trust,Sub-Registrar / Charity Commissioner,TRU/271/2008/4157,2025-11-14,2025,0.9,"[""Maharashtra"", ""West Bengal""]","[""Nashik"", ""Thane"", ""Mumbai"", ""Darjeeling""]",2,4,"[""Nutrition & Food Security""]",1,3,2026-09-16T10:00:00,False,
NGO_00033,DARPAN_999924,Samarpan Samiti National,SAMARPAN SAMITI NATIONAL,West Bengal,Darjeeling,Society,Registrar of Societies,SOC/375/2021/2462,2023-07-24,2023,2.6,"[""West Bengal"", ""Gujarat""]","[""Darjeeling"", ""Kolkata"", ""Rajkot"", ""Ahmedabad""]",2,4,"[""Skill Development & Livelihood"", ""Rural Development""]",2,3,2026-09-16T10:00:00,False,
NGO_00034,DARPAN_771712,Sankalp Association Gramin,SANKALP ASSOCIATION GRAMIN,West Bengal,Howrah,Trust,Sub-Registrar / Charity Commissioner,TRU/629/2010/1930,1999-10-13,1999,27.0,"[""West Bengal""]","[""Howrah"", ""Darjeeling""]",1,2,"[""Nutrition & Food Security"", ""Education""]",2,2,2026-09-16T10:00:00,False,
NGO_00035,DARPAN_645561,Manav Initiative Gramin,MANAV INITIATIVE GRAMIN,Kerala,Ernakulam,Society,Registrar of Societies,SOC/601/2017/4087,2021-07-01,2021,4.6,"[""Kerala""]","[""Ernakulam""]",1,1,"[""Nutrition & Food Security""]",1,1,2026-09-16T10:00:00,False,
NGO_00036,DARPAN_861697,Navjeevan Society India,NAVJEEVAN SOCIETY INDIA,Kerala,Thrissur,Section 8,Ministry of Corporate Affairs (MCA),SEC/794/2023/3969,2013-10-01,2013,12.7,"[""Kerala""]","[""Thrissur"", ""Thiruvananthapuram""]",1,2,"[""Nutrition & Food Security"", ""Child Welfare"", ""Skill Development & Livelihood""]",3,2,2026-09-16T10:00:00,False,
NGO_00037,DARPAN_740524,Prerna Samiti India,PRERNA SAMITI INDIA,Kerala,Ernakulam,Society,Registrar of Societies,SOC/944/2007/6536,2025-11-27,2025,0.8,"[""Kerala""]","[""Ernakulam"", ""Thrissur"", ""Thiruvananthapuram""]",1,3,"[""Healthcare & Medical"", ""Child Welfare""]",2,3,2026-09-16T10:00:00,False,
NGO_00038,DARPAN_469348,Kalyan Mission Seva,KALYAN MISSION SEVA,Gujarat,Vadodara,Society,Registrar of Societies,SOC/927/1995/9564,2025-01-22,2025,0.8,"[""Gujarat"", ""Karnataka""]","[""Vadodara"", ""Ahmedabad"", ""Dharwad""]",2,3,"[""Environment & Forests""]",1,3,2026-09-16T10:00:00,False,
NGO_00039,DARPAN_408467,Kavach Society India,KAVACH SOCIETY INDIA,Karnataka,Mysuru,Section 8,Ministry of Corporate Affairs (MCA),SEC/626/2002/7180,2025-05-05,2025,0.6,"[""Karnataka""]","[""Mysuru"", ""Bengaluru Urban""]",1,2,"[""Environment & Forests""]",1,2,2026-09-16T10:00:00,False,
NGO_00040,DARPAN_323717,Sankalp Network Gramin,SANKALP NETWORK GRAMIN,West Bengal,Howrah,Section 8,Ministry of Corporate Affairs (MCA),SEC/643/2025/1144,2025-04-21,2025,0.7,"[""West Bengal"", ""Uttar Pradesh"", ""Kerala"", ""Maharashtra""]","[""Howrah"", ""North 24 Parganas"", ""Darjeeling"", ""Kanpur Nagar"", ""Lucknow"", ""Prayagraj"", ""Thrissur"", ""Ernakulam"", ""Nagpur""]",4,9,"[""Water & Sanitation"", ""Disaster Relief & Rehabilitation""]",2,3,2026-09-16T10:00:00,False,
NGO_00041,DARPAN_261223,Asha Mission Gramin,ASHA MISSION GRAMIN,Tamil Nadu,Chennai,Trust,Sub-Registrar / Charity Commissioner,TRU/155/2006/5127,2015-04-09,2015,10.7,"[""Tamil Nadu""]","[""Chennai"", ""Madurai""]",1,2,"[""Child Welfare"", ""Women Empowerment""]",2,2,2026-09-16T10:00:00,False,
NGO_00042,DARPAN_240829,Sankalp Mission Seva,SANKALP MISSION SEVA,Rajasthan,Udaipur,Society,Registrar of Societies,SOC/598/2001/3879,2020-05-28,2020,5.8,"[""Rajasthan"", ""Maharashtra""]","[""Udaipur"", ""Jaipur"", ""Kota"", ""Raigad"", ""Nashik"", ""Pune""]",2,6,"[""Skill Development & Livelihood"", ""Disaster Relief & Rehabilitation"", ""Environment & Forests""]",3,3,2026-09-16T10:00:00,False,
NGO_00043,DARPAN_701344,Shakti Society National,SHAKTI SOCIETY NATIONAL,Gujarat,Ahmedabad,Section 8,Ministry of Corporate Affairs (MCA),SEC/250/1998/3725,2023-07-20,2023,2.5,"[""Gujarat""]","[""Ahmedabad"", ""Rajkot"", ""Surat""]",1,3,"[""Education"", ""Environment & Forests"", ""Healthcare & Medical""]",3,3,2026-09-16T10:00:00,False,
NGO_00044,DARPAN_879769,Asha Seva Sanstha India,ASHA SEVA SANSTHA INDIA,Gujarat,Ahmedabad,Society,Registrar of Societies,SOC/770/2008/6175,2019-07-21,2019,6.1,"[""Gujarat""]","[""Ahmedabad"", ""Vadodara"", ""Rajkot""]",1,3,"[""Environment & Forests"", ""Skill Development & Livelihood""]",2,3,2026-09-16T10:00:00,False,
NGO_00045,DARPAN_690525,Goonj Samiti Gramin,GOONJ SAMITI GRAMIN,Rajasthan,Kota,Section 8,Ministry of Corporate Affairs (MCA),SEC/982/1996/8896,2025-11-26,2025,0.2,"[""Rajasthan"", ""Gujarat"", ""Tamil Nadu""]","[""Kota"", ""Udaipur"", ""Jaipur"", ""Jodhpur"", ""Rajkot"", ""Salem"", ""Coimbatore"", ""Chennai""]",3,8,"[""Disaster Relief & Rehabilitation"", ""Rural Development"", ""Women Empowerment""]",3,3,2026-09-16T10:00:00,False,
NGO_00046,DARPAN_808640,Goonj Seva Sanstha India,GOONJ SEVA SANSTHA INDIA,Gujarat,Ahmedabad,Society,Registrar of Societies,SOC/480/2015/9066,1997-10-28,1997,28.2,"[""Gujarat"", ""West Bengal"", ""Kerala""]","[""Ahmedabad"", ""Surat"", ""Darjeeling"", ""Thiruvananthapuram"", ""Kozhikode""]",3,5,"[""Nutrition & Food Security""]",1,3,2026-09-16T10:00:00,False,
NGO_00047,DARPAN_659713,Punarutthan Network Seva,PUNARUTTHAN NETWORK SEVA,Gujarat,Surat,Trust,Sub-Registrar / Charity Commissioner,TRU/552/2014/6992,2019-01-01,2019,6.5,"[""Gujarat""]","[""Surat"", ""Ahmedabad"", ""Vadodara""]",1,3,"[""Nutrition & Food Security"", ""Rural Development""]",2,3,2026-09-16T10:00:00,False,
NGO_00048,DARPAN_362874,Navjeevan Mission Seva,NAVJEEVAN MISSION SEVA,Gujarat,Vadodara,Section 8,Ministry of Corporate Affairs (MCA),SEC/813/2026/4109,2015-06-24,2015,10.4,"[""Gujarat""]","[""Vadodara"", ""Surat"", ""Rajkot""]",1,3,"[""Water & Sanitation"", ""Skill Development & Livelihood""]",2,3,2026-09-16T10:00:00,False,
NGO_00049,DARPAN_325258,Sankalp Foundation Gramin,SANKALP FOUNDATION GRAMIN,Gujarat,Surat,Trust,Sub-Registrar / Charity Commissioner,TRU/138/2024/6827,2023-10-08,2023,2.8,"[""Gujarat""]","[""Surat"", ""Vadodara""]",1,2,"[""Environment & Forests""]",1,2,2026-09-16T10:00:00,False,
NGO_00050,DARPAN_703998,Seva Trust Seva,SEVA TRUST SEVA,Kerala,Kozhikode,Society,Registrar of Societies,SOC/295/2015/6644,2020-05-06,2020,5.2,"[""Kerala""]","[""Kozhikode"", ""Ernakulam""]",1,2,"[""Water & Sanitation"", ""Child Welfare"", ""Nutrition & Food Security""]",3,2,2026-09-16T10:00:00,False,
NGO_00051,DARPAN_907455,Vikas Seva Sanstha 51,VIKAS SEVA SANSTHA 51,Karnataka,Dharwad,Trust,Sub-Registrar / Charity Commissioner,TRU/670/2002/4016,2021-12-01,2021,4.6,"[""Karnataka""]","[""Dharwad"", ""Mysuru"", ""Bengaluru Urban""]",1,3,"[""Women Empowerment"", ""Water & Sanitation""]",2,3,2026-09-16T10:00:00,False,
NGO_00052,DARPAN_841635,Sahyog Initiative 52,SAHYOG INITIATIVE 52,Odisha,Cuttack,Society,Registrar of Societies,SOC/663/2019/1719,2012-10-28,2012,14.0,"[""Odisha"", ""Karnataka"", ""Tamil Nadu""]","[""Cuttack"", ""Sundargarh"", ""Belagavi"", ""Dharwad"", ""Mangaluru"", ""Chennai""]",3,6,"[""Nutrition & Food Security"", ""Water & Sanitation""]",2,3,2026-09-16T10:00:00,False,
NGO_00053,DARPAN_904291,Asha Trust 53,ASHA TRUST 53,Uttar Pradesh,Kanpur Nagar,Society,Registrar of Societies,SOC/841/1996/3877,2021-11-16,2021,4.4,"[""Uttar Pradesh""]","[""Kanpur Nagar"", ""Prayagraj""]",1,2,"[""Education"", ""Nutrition & Food Security"", ""Child Welfare""]",3,2,2026-09-16T10:00:00,False,
NGO_00054,DARPAN_725078,Shakti Mission 54,SHAKTI MISSION 54,Odisha,Sundargarh,Society,Registrar of Societies,SOC/440/2007/9740,2024-08-19,2024,1.8,"[""Odisha""]","[""Sundargarh"", ""Puri"", ""Cuttack""]",1,3,"[""Child Welfare""]",1,3,2026-09-16T10:00:00,False,
NGO_00055,DARPAN_961953,Kavach Society 55,KAVACH SOCIETY 55,West Bengal,Darjeeling,Trust,Sub-Registrar / Charity Commissioner,TRU/712/2001/7208,2022-01-03,2022,3.9,"[""West Bengal"", ""Tamil Nadu"", ""Karnataka""]","[""Darjeeling"", ""Howrah"", ""North 24 Parganas"", ""Tiruchirappalli"", ""Salem"", ""Mysuru"", ""Mangaluru""]",3,7,"[""Nutrition & Food Security""]",1,3,2026-09-16T10:00:00,False,
NGO_00056,DARPAN_541467,Uday Association 56,UDAY ASSOCIATION 56,West Bengal,Howrah,Trust,Sub-Registrar / Charity Commissioner,TRU/811/2014/5267,2025-03-19,2025,1.0,"[""West Bengal"", ""Odisha""]","[""Howrah"", ""North 24 Parganas"", ""Khordha"", ""Puri""]",2,4,"[""Environment & Forests""]",1,3,2026-09-16T10:00:00,False,
NGO_00057,DARPAN_509018,Goonj Association 57,GOONJ ASSOCIATION 57,Karnataka,Mangaluru,Society,Registrar of Societies,SOC/112/2013/8353,2023-09-22,2023,2.9,"[""Karnataka"", ""Kerala"", ""Odisha"", ""West Bengal""]","[""Mangaluru"", ""Dharwad"", ""Kozhikode"", ""Puri"", ""Cuttack"", ""Khordha"", ""Howrah"", ""North 24 Parganas"", ""Darjeeling""]",4,9,"[""Healthcare & Medical"", ""Skill Development & Livelihood"", ""Rural Development""]",3,3,2026-09-16T10:00:00,False,
NGO_00058,DARPAN_310416,Manav Sansthan 58,MANAV SANSTHAN 58,Karnataka,Belagavi,Trust,Sub-Registrar / Charity Commissioner,TRU/247/2022/4578,2019-08-23,2019,6.1,"[""Karnataka""]","[""Belagavi"", ""Dharwad"", ""Bengaluru Urban""]",1,3,"[""Education""]",1,3,2026-09-16T10:00:00,False,
NGO_00059,DARPAN_248468,Goonj Foundation 59,GOONJ FOUNDATION 59,Rajasthan,Jaipur,Trust,Sub-Registrar / Charity Commissioner,TRU/818/2003/1235,2023-05-27,2023,2.1,"[""Rajasthan"", ""Maharashtra""]","[""Jaipur"", ""Raigad"", ""Thane""]",2,3,"[""Child Welfare"", ""Nutrition & Food Security""]",2,3,2026-09-16T10:00:00,False,
NGO_00060,DARPAN_648496,Kavach Sansthan 60,KAVACH SANSTHAN 60,Delhi,Central Delhi,Section 8,Ministry of Corporate Affairs (MCA),SEC/808/1997/3949,2014-02-21,2014,11.1,"[""Delhi""]","[""Central Delhi""]",1,1,"[""Environment & Forests"", ""Rural Development"", ""Women Empowerment""]",3,1,2026-09-16T10:00:00,False,
NGO_00061,DARPAN_656921,Sahyog Mission 61,SAHYOG MISSION 61,Maharashtra,Nashik,Society,Registrar of Societies,SOC/346/2000/1203,2017-04-05,2017,9.0,"[""Maharashtra""]","[""Nashik""]",1,1,"[""Disaster Relief & Rehabilitation""]",1,1,2026-09-16T10:00:00,False,
NGO_00062,DARPAN_644861,Sankalp Sansthan 62,SANKALP SANSTHAN 62,Odisha,Sundargarh,Section 8,Ministry of Corporate Affairs (MCA),SEC/761/2015/8965,2014-09-15,2014,11.9,"[""Odisha"", ""West Bengal"", ""Karnataka""]","[""Sundargarh"", ""Cuttack"", ""Puri"", ""North 24 Parganas"", ""Kolkata"", ""Dharwad""]",3,6,"[""Water & Sanitation"", ""Nutrition & Food Security""]",2,3,2026-09-16T10:00:00,False,
NGO_00063,DARPAN_243578,Prerna Society 63,PRERNA SOCIETY 63,Kerala,Kozhikode,Section 8,Ministry of Corporate Affairs (MCA),SEC/602/1997/5947,2006-09-24,2006,19.6,"[""Kerala""]","[""Kozhikode"", ""Thrissur"", ""Thiruvananthapuram""]",1,3,"[""Education"", ""Water & Sanitation""]",2,3,2026-09-16T10:00:00,False,
NGO_00064,DARPAN_315378,Shakti Samiti 64,SHAKTI SAMITI 64,Karnataka,Dharwad,Trust,Sub-Registrar / Charity Commissioner,TRU/192/2004/5544,2005-03-28,2005,20.2,"[""Karnataka""]","[""Dharwad"", ""Bengaluru Urban""]",1,2,"[""Water & Sanitation"", ""Disaster Relief & Rehabilitation""]",2,2,2026-09-16T10:00:00,False,
NGO_00065,DARPAN_614064,Sneha Association 65,SNEHA ASSOCIATION 65,Gujarat,Vadodara,Section 8,Ministry of Corporate Affairs (MCA),SEC/659/1996/1517,1997-02-13,1997,28.2,"[""Gujarat""]","[""Vadodara"", ""Surat""]",1,2,"[""Women Empowerment"", ""Child Welfare""]",2,2,2026-09-16T10:00:00,False,
NGO_00066,DARPAN_584952,Vikas Samiti 66,VIKAS SAMITI 66,Karnataka,Dharwad,Society,Registrar of Societies,SOC/520/2015/2055,2012-05-27,2012,13.4,"[""Karnataka""]","[""Dharwad"", ""Mysuru"", ""Belagavi"", ""Bengaluru Urban""]",1,4,"[""Nutrition & Food Security""]",1,3,2026-09-16T10:00:00,False,
NGO_00067,DARPAN_904894,Vikas Seva Sanstha 67,VIKAS SEVA SANSTHA 67,Kerala,Kozhikode,Society,Registrar of Societies,SOC/589/2003/5270,2022-06-26,2022,3.7,"[""Kerala""]","[""Kozhikode"", ""Thrissur""]",1,2,"[""Healthcare & Medical""]",1,2,2026-09-16T10:00:00,False,
NGO_00068,DARPAN_623460,Gramin Network 68,GRAMIN NETWORK 68,Kerala,Kozhikode,Society,Registrar of Societies,SOC/727/2011/9470,2021-06-24,2021,4.6,"[""Kerala""]","[""Kozhikode"", ""Thiruvananthapuram""]",1,2,"[""Nutrition & Food Security"", ""Skill Development & Livelihood"", ""Child Welfare""]",3,2,2026-09-16T10:00:00,False,
NGO_00069,DARPAN_586041,Jan Kalyan Society 69,JAN KALYAN SOCIETY 69,Rajasthan,Jaipur,Society,Registrar of Societies,SOC/579/2022/2297,2003-03-05,2003,22.2,"[""Rajasthan""]","[""Jaipur"", ""Udaipur""]",1,2,"[""Environment & Forests"", ""Disaster Relief & Rehabilitation""]",2,2,2026-09-16T10:00:00,False,
NGO_00070,DARPAN_455627,Manav Mission 70,MANAV MISSION 70,Karnataka,Dharwad,Section 8,Ministry of Corporate Affairs (MCA),SEC/828/2019/7829,2000-12-12,2000,25.1,"[""Karnataka""]","[""Dharwad"", ""Bengaluru Urban"", ""Belagavi"", ""Mangaluru""]",1,4,"[""Nutrition & Food Security"", ""Disaster Relief & Rehabilitation""]",2,3,2026-09-16T10:00:00,False,
NGO_00071,DARPAN_919528,Sahyog Samiti 71,SAHYOG SAMITI 71,West Bengal,Kolkata,Trust,Sub-Registrar / Charity Commissioner,TRU/650/2016/7389,2013-03-17,2013,12.3,"[""West Bengal""]","[""Kolkata"", ""North 24 Parganas"", ""Darjeeling""]",1,3,"[""Environment & Forests"", ""Disaster Relief & Rehabilitation"", ""Healthcare & Medical""]",3,3,2026-09-16T10:00:00,False,
NGO_00072,DARPAN_489511,Punarutthan Network 72,PUNARUTTHAN NETWORK 72,West Bengal,North 24 Parganas,Society,Registrar of Societies,SOC/128/2004/3328,2016-05-10,2016,9.2,"[""West Bengal""]","[""North 24 Parganas"", ""Kolkata"", ""Darjeeling""]",1,3,"[""Child Welfare""]",1,3,2026-09-16T10:00:00,False,
NGO_00073,DARPAN_690433,Seva Association 73,SEVA ASSOCIATION 73,Maharashtra,Nashik,Section 8,Ministry of Corporate Affairs (MCA),SEC/225/2003/5578,2007-09-26,2007,18.2,"[""Maharashtra"", ""Rajasthan""]","[""Nashik"", ""Pune"", ""Nagpur"", ""Jodhpur"", ""Kota""]",2,5,"[""Rural Development""]",1,3,2026-09-16T10:00:00,False,
NGO_00074,DARPAN_304061,Sankalp Trust 74,SANKALP TRUST 74,Odisha,Khordha,Section 8,Ministry of Corporate Affairs (MCA),SEC/331/2022/2219,2008-06-10,2008,18.0,"[""Odisha""]","[""Khordha"", ""Sundargarh""]",1,2,"[""Healthcare & Medical""]",1,2,2026-09-16T10:00:00,False,
NGO_00075,DARPAN_859822,Manav Mission 75,MANAV MISSION 75,Karnataka,Mysuru,Trust,Sub-Registrar / Charity Commissioner,TRU/916/1997/1991,2024-09-21,2024,1.2,"[""Karnataka""]","[""Mysuru"", ""Dharwad"", ""Mangaluru""]",1,3,"[""Environment & Forests"", ""Skill Development & Livelihood""]",2,3,2026-09-16T10:00:00,False,
NGO_00076,DARPAN_206105,Asha Society 76,ASHA SOCIETY 76,Kerala,Thiruvananthapuram,Society,Registrar of Societies,SOC/315/2014/8474,2021-11-06,2021,4.3,"[""Kerala""]","[""Thiruvananthapuram"", ""Ernakulam""]",1,2,"[""Water & Sanitation"", ""Women Empowerment"", ""Healthcare & Medical""]",3,2,2026-09-16T10:00:00,False,
NGO_00077,DARPAN_924154,Kalyan Mission 77,KALYAN MISSION 77,Rajasthan,Udaipur,Trust,Sub-Registrar / Charity Commissioner,TRU/420/2007/8025,2014-04-15,2014,11.9,"[""Rajasthan""]","[""Udaipur"", ""Jodhpur"", ""Kota"", ""Jaipur""]",1,4,"[""Skill Development & Livelihood"", ""Education""]",2,3,2026-09-16T10:00:00,False,
NGO_00078,DARPAN_362779,Samarpan Society 78,SAMARPAN SOCIETY 78,Uttar Pradesh,Noida,Society,Registrar of Societies,SOC/572/1999/2352,2018-08-05,2018,7.4,"[""Uttar Pradesh""]","[""Noida"", ""Prayagraj""]",1,2,"[""Environment & Forests"", ""Nutrition & Food Security""]",2,2,2026-09-16T10:00:00,False,
NGO_00079,DARPAN_535047,Punarutthan Foundation 79,PUNARUTTHAN FOUNDATION 79,Delhi,South Delhi,Society,Registrar of Societies,SOC/348/2008/9836,2024-04-26,2024,1.8,"[""Delhi""]","[""South Delhi"", ""North Delhi""]",1,2,"[""Disaster Relief & Rehabilitation"", ""Women Empowerment""]",2,2,2026-09-16T10:00:00,False,
NGO_00080,DARPAN_878246,Uday Sansthan 80,UDAY SANSTHAN 80,Rajasthan,Udaipur,Section 8,Ministry of Corporate Affairs (MCA),SEC/702/1999/7697,1996-02-13,1996,29.9,"[""Rajasthan"", ""Uttar Pradesh"", ""Gujarat""]","[""Udaipur"", ""Kota"", ""Jaipur"", ""Noida"", ""Prayagraj"", ""Kanpur Nagar"", ""Surat""]",3,7,"[""Nutrition & Food Security"", ""Disaster Relief & Rehabilitation"", ""Women Empowerment""]",3,3,2026-09-16T10:00:00,False,
NGO_00081,DARPAN_930248,Asha Sansthan 81,ASHA SANSTHAN 81,Odisha,Sundargarh,Society,Registrar of Societies,SOC/584/2016/8036,2022-06-11,2022,4.0,"[""Odisha"", ""Uttar Pradesh""]","[""Sundargarh"", ""Khordha"", ""Puri"", ""Noida"", ""Varanasi""]",2,5,"[""Rural Development"", ""Women Empowerment"", ""Skill Development & Livelihood""]",3,3,2026-09-16T10:00:00,False,
NGO_00082,DARPAN_101760,Punarutthan Foundation 82,PUNARUTTHAN FOUNDATION 82,Odisha,Cuttack,Society,Registrar of Societies,SOC/533/2015/6980,2011-03-17,2011,14.2,"[""Odisha""]","[""Cuttack"", ""Puri""]",1,2,"[""Water & Sanitation"", ""Disaster Relief & Rehabilitation""]",2,2,2026-09-16T10:00:00,False,
NGO_00083,DARPAN_105582,Kalyan Mission 83,KALYAN MISSION 83,Uttar Pradesh,Lucknow,Trust,Sub-Registrar / Charity Commissioner,TRU/231/2008/3641,2025-01-03,2025,0.6,"[""Uttar Pradesh"", ""Karnataka"", ""Kerala"", ""Tamil Nadu""]","[""Lucknow"", ""Kanpur Nagar"", ""Mangaluru"", ""Thrissur"", ""Thiruvananthapuram"", ""Madurai"", ""Coimbatore"", ""Tiruchirappalli""]",4,8,"[""Skill Development & Livelihood"", ""Environment & Forests"", ""Rural Development""]",3,3,2026-09-16T10:00:00,False,
NGO_00084,DARPAN_187298,Gramin Sansthan 84,GRAMIN SANSTHAN 84,Karnataka,Mangaluru,Trust,Sub-Registrar / Charity Commissioner,TRU/172/2012/4156,2015-11-27,2015,10.6,"[""Karnataka"", ""Uttar Pradesh""]","[""Mangaluru"", ""Belagavi"", ""Bengaluru Urban"", ""Varanasi"", ""Lucknow"", ""Prayagraj""]",2,6,"[""Nutrition & Food Security"", ""Women Empowerment""]",2,3,2026-09-16T10:00:00,False,
NGO_00085,DARPAN_239794,Sneha Network 85,SNEHA NETWORK 85,Tamil Nadu,Madurai,Society,Registrar of Societies,SOC/488/2005/7115,2005-11-08,2005,20.1,"[""Tamil Nadu""]","[""Madurai"", ""Vellore"", ""Chennai""]",1,3,"[""Healthcare & Medical"", ""Environment & Forests"", ""Skill Development & Livelihood""]",3,3,2026-09-16T10:00:00,False,
NGO_00086,DARPAN_100561,Navjeevan Network 86,NAVJEEVAN NETWORK 86,Delhi,South Delhi,Society,Registrar of Societies,SOC/386/2001/8059,2021-06-11,2021,4.8,"[""Delhi"", ""Gujarat""]","[""South Delhi"", ""Vadodara"", ""Rajkot""]",2,3,"[""Healthcare & Medical""]",1,3,2026-09-16T10:00:00,False,
NGO_00087,DARPAN_369845,Manav Initiative 87,MANAV INITIATIVE 87,Delhi,North Delhi,Trust,Sub-Registrar / Charity Commissioner,TRU/432/2012/4341,2013-07-05,2013,13.0,"[""Delhi""]","[""North Delhi"", ""New Delhi"", ""Central Delhi""]",1,3,"[""Women Empowerment"", ""Rural Development""]",2,3,2026-09-16T10:00:00,False,
NGO_00088,DARPAN_478387,Vikas Association 88,VIKAS ASSOCIATION 88,Rajasthan,Jodhpur,Section 8,Ministry of Corporate Affairs (MCA),SEC/531/2010/4452,2010-03-04,2010,15.8,"[""Rajasthan"", ""Kerala""]","[""Jodhpur"", ""Jaipur"", ""Udaipur"", ""Thiruvananthapuram""]",2,4,"[""Nutrition & Food Security"", ""Women Empowerment"", ""Education""]",3,3,2026-09-16T10:00:00,False,
NGO_00089,DARPAN_836789,Samarpan Network 89,SAMARPAN NETWORK 89,Kerala,Thiruvananthapuram,Section 8,Ministry of Corporate Affairs (MCA),SEC/926/2004/1388,2017-10-28,2017,8.8,"[""Kerala"", ""Maharashtra""]","[""Thiruvananthapuram"", ""Kozhikode"", ""Thrissur"", ""Thane""]",2,4,"[""Environment & Forests"", ""Nutrition & Food Security"", ""Skill Development & Livelihood""]",3,3,2026-09-16T10:00:00,False,
NGO_00090,DARPAN_156352,Seva Sansthan 90,SEVA SANSTHAN 90,Uttar Pradesh,Kanpur Nagar,Trust,Sub-Registrar / Charity Commissioner,TRU/303/2017/7866,2015-03-23,2015,10.3,"[""Uttar Pradesh"", ""Gujarat""]","[""Kanpur Nagar"", ""Varanasi"", ""Lucknow"", ""Surat"", ""Rajkot"", ""Vadodara""]",2,6,"[""Water & Sanitation"", ""Women Empowerment""]",2,3,2026-09-16T10:00:00,False,
NGO_00091,DARPAN_729088,Sankalp Network 91,SANKALP NETWORK 91,Karnataka,Mangaluru,Society,Registrar of Societies,SOC/347/2020/4156,2017-01-26,2017,8.9,"[""Karnataka"", ""Kerala"", ""Uttar Pradesh""]","[""Mangaluru"", ""Mysuru"", ""Belagavi"", ""Bengaluru Urban"", ""Ernakulam"", ""Lucknow"", ""Noida"", ""Kanpur Nagar""]",3,8,"[""Women Empowerment"", ""Nutrition & Food Security"", ""Water & Sanitation""]",3,3,2026-09-16T10:00:00,False,
NGO_00092,DARPAN_883369,Gramin Network 92,GRAMIN NETWORK 92,Odisha,Khordha,Section 8,Ministry of Corporate Affairs (MCA),SEC/492/2022/4272,2017-11-27,2017,8.7,"[""Odisha"", ""Gujarat"", ""West Bengal""]","[""Khordha"", ""Puri"", ""Cuttack"", ""Sundargarh"", ""Ahmedabad"", ""Rajkot"", ""North 24 Parganas""]",3,7,"[""Nutrition & Food Security""]",1,3,2026-09-16T10:00:00,False,
NGO_00093,DARPAN_574409,Manav Initiative 93,MANAV INITIATIVE 93,Delhi,North Delhi,Trust,Sub-Registrar / Charity Commissioner,TRU/170/2012/7931,2023-10-21,2023,2.9,"[""Delhi"", ""Maharashtra""]","[""North Delhi"", ""Nagpur""]",2,2,"[""Child Welfare""]",1,2,2026-09-16T10:00:00,False,
NGO_00094,DARPAN_359533,Goonj Trust 94,GOONJ TRUST 94,Tamil Nadu,Chennai,Section 8,Ministry of Corporate Affairs (MCA),SEC/796/2013/4740,2019-03-25,2019,6.7,"[""Tamil Nadu"", ""Uttar Pradesh""]","[""Chennai"", ""Madurai"", ""Coimbatore"", ""Kanpur Nagar"", ""Noida"", ""Varanasi""]",2,6,"[""Environment & Forests""]",1,3,2026-09-16T10:00:00,False,
NGO_00095,DARPAN_904950,Prerna Association 95,PRERNA ASSOCIATION 95,Karnataka,Belagavi,Section 8,Ministry of Corporate Affairs (MCA),SEC/304/2014/5997,2024-11-15,2024,1.1,"[""Karnataka""]","[""Belagavi"", ""Dharwad"", ""Mangaluru""]",1,3,"[""Women Empowerment"", ""Water & Sanitation""]",2,3,2026-09-16T10:00:00,False,
NGO_00096,DARPAN_226913,Sneha Trust 96,SNEHA TRUST 96,Delhi,Central Delhi,Trust,Sub-Registrar / Charity Commissioner,TRU/585/1996/9287,2020-02-10,2020,5.6,"[""Delhi"", ""Gujarat""]","[""Central Delhi"", ""North Delhi"", ""South Delhi"", ""Ahmedabad"", ""Surat"", ""Rajkot""]",2,6,"[""Nutrition & Food Security"", ""Disaster Relief & Rehabilitation""]",2,3,2026-09-16T10:00:00,False,
NGO_00097,DARPAN_399986,Jan Kalyan Samiti 97,JAN KALYAN SAMITI 97,Karnataka,Belagavi,Section 8,Ministry of Corporate Affairs (MCA),SEC/928/2007/2409,2014-11-04,2014,11.2,"[""Karnataka"", ""Uttar Pradesh"", ""Kerala""]","[""Belagavi"", ""Mangaluru"", ""Bengaluru Urban"", ""Mysuru"", ""Prayagraj"", ""Ernakulam"", ""Thiruvananthapuram""]",3,7,"[""Nutrition & Food Security""]",1,3,2026-09-16T10:00:00,False,
NGO_00098,DARPAN_918107,Kalyan Association 98,KALYAN ASSOCIATION 98,Delhi,South Delhi,Society,Registrar of Societies,SOC/814/2001/1884,2022-10-16,2022,3.2,"[""Delhi"", ""Gujarat""]","[""South Delhi"", ""Central Delhi"", ""New Delhi"", ""Surat"", ""Ahmedabad""]",2,5,"[""Disaster Relief & Rehabilitation""]",1,3,2026-09-16T10:00:00,False,
NGO_00099,DARPAN_787842,Navjeevan Samiti 99,NAVJEEVAN SAMITI 99,Maharashtra,Thane,Trust,Sub-Registrar / Charity Commissioner,TRU/288/2023/6199,2024-01-23,2024,1.4,"[""Maharashtra""]","[""Thane"", ""Raigad""]",1,2,"[""Environment & Forests"", ""Education"", ""Rural Development""]",3,2,2026-09-16T10:00:00,False,
NGO_00100,DARPAN_884532,Samarpan Samiti 100,SAMARPAN SAMITI 100,Rajasthan,Kota,Society,Registrar of Societies,SOC/181/2017/9284,2025-08-20,2025,0.8,"[""Rajasthan""]","[""Kota"", ""Jodhpur""]",1,2,"[""Women Empowerment""]",1,2,2026-09-16T10:00:00,False,
NGO_00101,DARPAN_521860,Kalyan Samiti 101,KALYAN SAMITI 101,West Bengal,Kolkata,Society,Registrar of Societies,SOC/944/2016/2765,2010-12-12,2010,15.7,"[""West Bengal""]","[""Kolkata"", ""Howrah"", ""North 24 Parganas""]",1,3,"[""Women Empowerment"", ""Child Welfare"", ""Water & Sanitation""]",3,3,2026-09-16T10:00:00,False,
NGO_00102,DARPAN_568894,Sankalp Samiti 102,SANKALP SAMITI 102,Kerala,Thiruvananthapuram,Trust,Sub-Registrar / Charity Commissioner,TRU/575/2015/2860,2022-03-25,2022,3.2,"[""Kerala""]","[""Thiruvananthapuram"", ""Ernakulam"", ""Thrissur""]",1,3,"[""Child Welfare"", ""Women Empowerment"", ""Disaster Relief & Rehabilitation""]",3,3,2026-09-16T10:00:00,False,
NGO_00103,DARPAN_526068,Kalyan Association 103,KALYAN ASSOCIATION 103,Rajasthan,Udaipur,Section 8,Ministry of Corporate Affairs (MCA),SEC/646/2010/7265,2025-07-12,2025,1.0,"[""Rajasthan""]","[""Udaipur"", ""Kota""]",1,2,"[""Healthcare & Medical"", ""Child Welfare""]",2,2,2026-09-16T10:00:00,False,
NGO_00104,DARPAN_219185,Navjeevan Sansthan 104,NAVJEEVAN SANSTHAN 104,Rajasthan,Jodhpur,Section 8,Ministry of Corporate Affairs (MCA),SEC/922/2026/3291,2015-07-01,2015,10.4,"[""Rajasthan"", ""West Bengal"", ""Gujarat"", ""Uttar Pradesh""]","[""Jodhpur"", ""Udaipur"", ""Kota"", ""Jaipur"", ""North 24 Parganas"", ""Surat"", ""Vadodara"", ""Rajkot"", ""Prayagraj"", ""Kanpur Nagar"", ""Varanasi""]",4,11,"[""Women Empowerment""]",1,3,2026-09-16T10:00:00,False,
NGO_00105,DARPAN_979387,Sneha Network 105,SNEHA NETWORK 105,Gujarat,Ahmedabad,Section 8,Ministry of Corporate Affairs (MCA),SEC/962/2008/3721,1998-12-05,1998,27.5,"[""Gujarat"", ""West Bengal""]","[""Ahmedabad"", ""Vadodara"", ""Surat"", ""North 24 Parganas"", ""Kolkata"", ""Darjeeling""]",2,6,"[""Skill Development & Livelihood"", ""Child Welfare"", ""Water & Sanitation""]",3,3,2026-09-16T10:00:00,False,
NGO_00106,DARPAN_796773,Sahyog Sansthan 106,SAHYOG SANSTHAN 106,Tamil Nadu,Chennai,Trust,Sub-Registrar / Charity Commissioner,TRU/944/2004/5368,2025-05-20,2025,0.9,"[""Tamil Nadu""]","[""Chennai"", ""Salem"", ""Coimbatore""]",1,3,"[""Skill Development & Livelihood""]",1,3,2026-09-16T10:00:00,False,
NGO_00107,DARPAN_465805,Sneha Mission 107,SNEHA MISSION 107,Karnataka,Bengaluru Urban,Section 8,Ministry of Corporate Affairs (MCA),SEC/494/2004/9813,2011-07-12,2011,14.8,"[""Karnataka""]","[""Bengaluru Urban"", ""Mangaluru"", ""Dharwad""]",1,3,"[""Environment & Forests"", ""Disaster Relief & Rehabilitation""]",2,3,2026-09-16T10:00:00,False,
NGO_00108,DARPAN_175137,Uday Mission 108,UDAY MISSION 108,Odisha,Khordha,Trust,Sub-Registrar / Charity Commissioner,TRU/723/2006/4852,2023-01-20,2023,3.0,"[""Odisha"", ""Karnataka""]","[""Khordha"", ""Cuttack"", ""Dharwad""]",2,3,"[""Women Empowerment"", ""Healthcare & Medical""]",2,3,2026-09-16T10:00:00,False,
NGO_00109,DARPAN_733992,Sahyog Society 109,SAHYOG SOCIETY 109,West Bengal,North 24 Parganas,Trust,Sub-Registrar / Charity Commissioner,TRU/516/2008/1306,2014-05-09,2014,11.5,"[""West Bengal""]","[""North 24 Parganas""]",1,1,"[""Rural Development"", ""Healthcare & Medical""]",2,1,2026-09-16T10:00:00,False,
NGO_00110,DARPAN_350940,Umeed Mission 110,UMEED MISSION 110,Delhi,South Delhi,Trust,Sub-Registrar / Charity Commissioner,TRU/400/1999/1506,2022-04-22,2022,3.3,"[""Delhi"", ""Gujarat"", ""Maharashtra"", ""Odisha""]","[""South Delhi"", ""Central Delhi"", ""New Delhi"", ""Ahmedabad"", ""Rajkot"", ""Mumbai"", ""Nashik"", ""Raigad"", ""Khordha"", ""Cuttack""]",4,10,"[""Disaster Relief & Rehabilitation"", ""Nutrition & Food Security""]",2,3,2026-09-16T10:00:00,False,
NGO_00111,DARPAN_625436,Sankalp Initiative 111,SANKALP INITIATIVE 111,Uttar Pradesh,Noida,Society,Registrar of Societies,SOC/763/2005/9605,2016-07-01,2016,9.8,"[""Uttar Pradesh""]","[""Noida"", ""Varanasi""]",1,2,"[""Healthcare & Medical"", ""Rural Development""]",2,2,2026-09-16T10:00:00,False,
NGO_00112,DARPAN_594797,Samarpan Association 112,SAMARPAN ASSOCIATION 112,Odisha,Cuttack,Section 8,Ministry of Corporate Affairs (MCA),SEC/788/2004/6304,2021-03-28,2021,4.2,"[""Odisha""]","[""Cuttack"", ""Puri"", ""Sundargarh""]",1,3,"[""Nutrition & Food Security""]",1,3,2026-09-16T10:00:00,False,
NGO_00113,DARPAN_124262,Vikas Trust 113,VIKAS TRUST 113,Kerala,Thrissur,Society,Registrar of Societies,SOC/925/2026/1786,2010-09-12,2010,15.9,"[""Kerala"", ""Gujarat"", ""Uttar Pradesh""]","[""Thrissur"", ""Kozhikode"", ""Ahmedabad"", ""Vadodara"", ""Prayagraj""]",3,5,"[""Women Empowerment""]",1,3,2026-09-16T10:00:00,False,
NGO_00114,DARPAN_388060,Sankalp Foundation 114,SANKALP FOUNDATION 114,Karnataka,Mysuru,Trust,Sub-Registrar / Charity Commissioner,TRU/678/1995/3096,2019-08-25,2019,6.4,"[""Karnataka"", ""West Bengal""]","[""Mysuru"", ""Mangaluru"", ""Belagavi"", ""Darjeeling""]",2,4,"[""Water & Sanitation""]",1,3,2026-09-16T10:00:00,False,
NGO_00115,DARPAN_492975,Vikas Seva Sanstha 115,VIKAS SEVA SANSTHA 115,Tamil Nadu,Salem,Society,Registrar of Societies,SOC/747/1998/4242,2010-11-02,2010,15.2,"[""Tamil Nadu""]","[""Salem"", ""Madurai"", ""Coimbatore""]",1,3,"[""Disaster Relief & Rehabilitation"", ""Nutrition & Food Security"", ""Women Empowerment""]",3,3,2026-09-16T10:00:00,False,
NGO_00116,DARPAN_645909,Punarutthan Initiative 116,PUNARUTTHAN INITIATIVE 116,Maharashtra,Thane,Section 8,Ministry of Corporate Affairs (MCA),SEC/582/2009/8180,2023-12-20,2023,2.4,"[""Maharashtra"", ""Tamil Nadu"", ""Kerala""]","[""Thane"", ""Mumbai"", ""Nashik"", ""Tiruchirappalli"", ""Vellore"", ""Thrissur"", ""Ernakulam"", ""Thiruvananthapuram""]",3,8,"[""Healthcare & Medical"", ""Rural Development""]",2,3,2026-09-16T10:00:00,False,
NGO_00117,DARPAN_444941,Samarpan Association 117,SAMARPAN ASSOCIATION 117,Kerala,Thiruvananthapuram,Section 8,Ministry of Corporate Affairs (MCA),SEC/567/2011/6875,2005-04-09,2005,20.2,"[""Kerala""]","[""Thiruvananthapuram"", ""Kozhikode"", ""Thrissur""]",1,3,"[""Education"", ""Rural Development""]",2,3,2026-09-16T10:00:00,False,
NGO_00118,DARPAN_279664,Asha Initiative 118,ASHA INITIATIVE 118,Rajasthan,Jaipur,Society,Registrar of Societies,SOC/588/2004/2044,2020-12-09,2020,5.6,"[""Rajasthan""]","[""Jaipur"", ""Kota""]",1,2,"[""Education"", ""Child Welfare""]",2,2,2026-09-16T10:00:00,False,
NGO_00119,DARPAN_786611,Sankalp Initiative 119,SANKALP INITIATIVE 119,Odisha,Puri,Section 8,Ministry of Corporate Affairs (MCA),SEC/758/2007/5629,2022-04-10,2022,3.3,"[""Odisha""]","[""Puri"", ""Khordha"", ""Cuttack""]",1,3,"[""Women Empowerment"", ""Water & Sanitation"", ""Skill Development & Livelihood""]",3,3,2026-09-16T10:00:00,False,
NGO_00120,DARPAN_563495,Manav Foundation 120,MANAV FOUNDATION 120,Gujarat,Surat,Trust,Sub-Registrar / Charity Commissioner,TRU/842/2015/1716,2011-06-28,2011,14.4,"[""Gujarat""]","[""Surat"", ""Ahmedabad"", ""Vadodara""]",1,3,"[""Nutrition & Food Security"", ""Rural Development"", ""Child Welfare""]",3,3,2026-09-16T10:00:00,False,
NGO_00121,DARPAN_791694,Sahyog Initiative 121,SAHYOG INITIATIVE 121,Kerala,Ernakulam,Society,Registrar of Societies,SOC/124/2008/7323,2019-12-22,2019,6.7,"[""Kerala""]","[""Ernakulam""]",1,1,"[""Nutrition & Food Security"", ""Women Empowerment""]",2,1,2026-09-16T10:00:00,False,
NGO_00122,DARPAN_386089,Kavach Trust 122,KAVACH TRUST 122,Uttar Pradesh,Prayagraj,Trust,Sub-Registrar / Charity Commissioner,TRU/233/1995/1314,2023-08-13,2023,2.6,"[""Uttar Pradesh""]","[""Prayagraj"", ""Noida""]",1,2,"[""Environment & Forests""]",1,2,2026-09-16T10:00:00,False,
NGO_00123,DARPAN_851807,Seva Sansthan 123,SEVA SANSTHAN 123,Uttar Pradesh,Prayagraj,Trust,Sub-Registrar / Charity Commissioner,TRU/587/2007/9115,2019-05-24,2019,6.8,"[""Uttar Pradesh""]","[""Prayagraj"", ""Lucknow""]",1,2,"[""Education"", ""Child Welfare""]",2,2,2026-09-16T10:00:00,False,
NGO_00124,DARPAN_992964,Umeed Mission 124,UMEED MISSION 124,Tamil Nadu,Coimbatore,Trust,Sub-Registrar / Charity Commissioner,TRU/168/2015/8810,2019-09-16,2019,6.4,"[""Tamil Nadu"", ""Karnataka"", ""Uttar Pradesh"", ""West Bengal""]","[""Coimbatore"", ""Tiruchirappalli"", ""Madurai"", ""Chennai"", ""Mysuru"", ""Dharwad"", ""Mangaluru"", ""Kanpur Nagar"", ""Varanasi"", ""Noida"", ""Darjeeling"", ""Kolkata"", ""North 24 Parganas""]",4,13,"[""Women Empowerment"", ""Child Welfare"", ""Education""]",3,3,2026-09-16T10:00:00,False,
NGO_00125,DARPAN_742863,Navjeevan Association 125,NAVJEEVAN ASSOCIATION 125,Uttar Pradesh,Prayagraj,Section 8,Ministry of Corporate Affairs (MCA),SEC/140/1998/3160,2011-03-05,2011,14.2,"[""Uttar Pradesh"", ""Delhi"", ""Maharashtra""]","[""Prayagraj"", ""Kanpur Nagar"", ""North Delhi"", ""Mumbai"", ""Nashik""]",3,5,"[""Nutrition & Food Security""]",1,3,2026-09-16T10:00:00,False,
NGO_00126,DARPAN_499948,Shakti Society 126,SHAKTI SOCIETY 126,Maharashtra,Mumbai,Society,Registrar of Societies,SOC/320/2007/7933,2017-05-14,2017,8.7,"[""Maharashtra"", ""West Bengal"", ""Karnataka""]","[""Mumbai"", ""Nashik"", ""Pune"", ""Kolkata"", ""Mysuru"", ""Bengaluru Urban""]",3,6,"[""Environment & Forests"", ""Education""]",2,3,2026-09-16T10:00:00,False,
NGO_00127,DARPAN_417569,Prerna Initiative 127,PRERNA INITIATIVE 127,Maharashtra,Pune,Trust,Sub-Registrar / Charity Commissioner,TRU/116/1996/5846,2025-11-03,2025,0.4,"[""Maharashtra"", ""Kerala"", ""Uttar Pradesh""]","[""Pune"", ""Thane"", ""Kozhikode"", ""Ernakulam"", ""Thrissur"", ""Varanasi"", ""Kanpur Nagar""]",3,7,"[""Child Welfare""]",1,3,2026-09-16T10:00:00,False,
NGO_00128,DARPAN_611126,Seva Mission 128,SEVA MISSION 128,West Bengal,Kolkata,Trust,Sub-Registrar / Charity Commissioner,TRU/351/2001/8449,2023-10-16,2023,3.0,"[""West Bengal""]","[""Kolkata"", ""Darjeeling"", ""Howrah""]",1,3,"[""Environment & Forests""]",1,3,2026-09-16T10:00:00,False,
NGO_00129,DARPAN_436055,Sahyog Foundation 129,SAHYOG FOUNDATION 129,Delhi,South Delhi,Society,Registrar of Societies,SOC/560/2009/3086,2011-09-14,2011,14.4,"[""Delhi""]","[""South Delhi"", ""North Delhi"", ""New Delhi""]",1,3,"[""Nutrition & Food Security"", ""Disaster Relief & Rehabilitation""]",2,3,2026-09-16T10:00:00,False,
NGO_00130,DARPAN_432102,Jan Kalyan Society 130,JAN KALYAN SOCIETY 130,Kerala,Ernakulam,Section 8,Ministry of Corporate Affairs (MCA),SEC/731/1996/3627,2024-05-26,2024,1.4,"[""Kerala"", ""Delhi""]","[""Ernakulam"", ""Thrissur"", ""Central Delhi"", ""New Delhi"", ""South Delhi""]",2,5,"[""Healthcare & Medical"", ""Disaster Relief & Rehabilitation""]",2,3,2026-09-16T10:00:00,False,
NGO_00131,DARPAN_482281,Navjeevan Samiti 131,NAVJEEVAN SAMITI 131,Maharashtra,Thane,Trust,Sub-Registrar / Charity Commissioner,TRU/194/1998/5102,2024-08-05,2024,1.8,"[""Maharashtra""]","[""Thane"", ""Pune""]",1,2,"[""Women Empowerment""]",1,2,2026-09-16T10:00:00,False,
NGO_00132,DARPAN_283652,Samarpan Samiti 132,SAMARPAN SAMITI 132,Karnataka,Mangaluru,Trust,Sub-Registrar / Charity Commissioner,TRU/168/2019/3226,2025-08-22,2025,0.9,"[""Karnataka"", ""Gujarat""]","[""Mangaluru"", ""Dharwad"", ""Rajkot"", ""Surat"", ""Vadodara""]",2,5,"[""Skill Development & Livelihood"", ""Water & Sanitation""]",2,3,2026-09-16T10:00:00,False,
NGO_00133,DARPAN_535997,Navjeevan Samiti 133,NAVJEEVAN SAMITI 133,Karnataka,Bengaluru Urban,Society,Registrar of Societies,SOC/483/1998/6743,2017-11-28,2017,8.8,"[""Karnataka""]","[""Bengaluru Urban"", ""Mangaluru"", ""Belagavi""]",1,3,"[""Water & Sanitation"", ""Environment & Forests""]",2,3,2026-09-16T10:00:00,False,
NGO_00134,DARPAN_449999,Uday Trust 134,UDAY TRUST 134,West Bengal,Howrah,Society,Registrar of Societies,SOC/603/2020/4506,2012-05-08,2012,13.4,"[""West Bengal""]","[""Howrah"", ""Darjeeling"", ""Kolkata""]",1,3,"[""Nutrition & Food Security"", ""Rural Development""]",2,3,2026-09-16T10:00:00,False,
NGO_00135,DARPAN_733257,Goonj Association 135,GOONJ ASSOCIATION 135,Delhi,Central Delhi,Society,Registrar of Societies,SOC/139/1995/6910,2013-06-11,2013,12.9,"[""Delhi"", ""Gujarat""]","[""Central Delhi"", ""Vadodara""]",2,2,"[""Child Welfare""]",1,2,2026-09-16T10:00:00,False,
NGO_00136,DARPAN_804444,Gramin Sansthan 136,GRAMIN SANSTHAN 136,Karnataka,Belagavi,Trust,Sub-Registrar / Charity Commissioner,TRU/846/2005/6921,2024-05-18,2024,1.8,"[""Karnataka"", ""Maharashtra"", ""Tamil Nadu"", ""Delhi""]","[""Belagavi"", ""Dharwad"", ""Mumbai"", ""Coimbatore"", ""Chennai"", ""North Delhi"", ""South Delhi"", ""New Delhi""]",4,8,"[""Healthcare & Medical"", ""Water & Sanitation""]",2,3,2026-09-16T10:00:00,False,
NGO_00137,DARPAN_983973,Samarpan Seva Sanstha 137,SAMARPAN SEVA SANSTHA 137,Gujarat,Ahmedabad,Section 8,Ministry of Corporate Affairs (MCA),SEC/239/2025/9099,2015-06-04,2015,10.5,"[""Gujarat""]","[""Ahmedabad"", ""Rajkot"", ""Surat""]",1,3,"[""Education"", ""Rural Development""]",2,3,2026-09-16T10:00:00,False,
NGO_00138,DARPAN_230703,Deepam Association 138,DEEPAM ASSOCIATION 138,Odisha,Puri,Trust,Sub-Registrar / Charity Commissioner,TRU/217/2020/4132,2014-10-06,2014,11.8,"[""Odisha""]","[""Puri"", ""Cuttack""]",1,2,"[""Water & Sanitation"", ""Healthcare & Medical"", ""Disaster Relief & Rehabilitation""]",3,2,2026-09-16T10:00:00,False,
NGO_00139,DARPAN_329082,Uday Trust 139,UDAY TRUST 139,Tamil Nadu,Coimbatore,Trust,Sub-Registrar / Charity Commissioner,TRU/701/2021/2970,2001-08-07,2001,24.6,"[""Tamil Nadu"", ""Maharashtra""]","[""Coimbatore"", ""Tiruchirappalli"", ""Salem"", ""Thane"", ""Pune"", ""Mumbai""]",2,6,"[""Disaster Relief & Rehabilitation""]",1,3,2026-09-16T10:00:00,False,
NGO_00140,DARPAN_493767,Kalyan Mission 140,KALYAN MISSION 140,Maharashtra,Raigad,Trust,Sub-Registrar / Charity Commissioner,TRU/915/2003/1881,2022-02-18,2022,4.0,"[""Maharashtra""]","[""Raigad""]",1,1,"[""Water & Sanitation"", ""Nutrition & Food Security""]",2,1,2026-09-16T10:00:00,False,
NGO_00141,DARPAN_640950,Gramin Initiative 141,GRAMIN INITIATIVE 141,Karnataka,Belagavi,Society,Registrar of Societies,SOC/676/2002/4863,2013-09-08,2013,12.9,"[""Karnataka""]","[""Belagavi"", ""Mangaluru""]",1,2,"[""Rural Development"", ""Education"", ""Water & Sanitation""]",3,2,2026-09-16T10:00:00,False,
NGO_00142,DARPAN_864670,Asha Trust 142,ASHA TRUST 142,Rajasthan,Kota,Society,Registrar of Societies,SOC/521/2012/5761,2011-09-17,2011,14.5,"[""Rajasthan""]","[""Kota"", ""Jodhpur"", ""Udaipur""]",1,3,"[""Education"", ""Disaster Relief & Rehabilitation"", ""Healthcare & Medical""]",3,3,2026-09-16T10:00:00,False,
NGO_00143,DARPAN_510791,Uday Seva Sanstha 143,UDAY SEVA SANSTHA 143,Uttar Pradesh,Varanasi,Trust,Sub-Registrar / Charity Commissioner,TRU/178/2014/2161,1997-11-25,1997,28.1,"[""Uttar Pradesh""]","[""Varanasi"", ""Noida""]",1,2,"[""Healthcare & Medical"", ""Skill Development & Livelihood""]",2,2,2026-09-16T10:00:00,False,
NGO_00144,DARPAN_918144,Prerna Network 144,PRERNA NETWORK 144,West Bengal,Howrah,Society,Registrar of Societies,SOC/983/2003/7675,2025-06-20,2025,0.5,"[""West Bengal"", ""Rajasthan""]","[""Howrah"", ""Kolkata"", ""North 24 Parganas"", ""Darjeeling"", ""Udaipur"", ""Kota"", ""Jaipur""]",2,7,"[""Education"", ""Healthcare & Medical""]",2,3,2026-09-16T10:00:00,False,
NGO_00145,DARPAN_998456,Prerna Society 145,PRERNA SOCIETY 145,Delhi,New Delhi,Trust,Sub-Registrar / Charity Commissioner,TRU/959/2009/5823,2013-07-13,2013,12.7,"[""Delhi"", ""Tamil Nadu""]","[""New Delhi"", ""North Delhi"", ""Central Delhi"", ""Chennai"", ""Madurai"", ""Tiruchirappalli""]",2,6,"[""Education"", ""Women Empowerment""]",2,3,2026-09-16T10:00:00,False,
NGO_00146,DARPAN_725278,Vikas Network 146,VIKAS NETWORK 146,Tamil Nadu,Tiruchirappalli,Trust,Sub-Registrar / Charity Commissioner,TRU/863/2026/8768,1997-03-19,1997,28.8,"[""Tamil Nadu"", ""West Bengal""]","[""Tiruchirappalli"", ""Madurai"", ""North 24 Parganas"", ""Kolkata"", ""Darjeeling""]",2,5,"[""Water & Sanitation"", ""Healthcare & Medical""]",2,3,2026-09-16T10:00:00,False,
NGO_00147,DARPAN_433910,Deepam Foundation 147,DEEPAM FOUNDATION 147,Uttar Pradesh,Varanasi,Section 8,Ministry of Corporate Affairs (MCA),SEC/868/2023/1375,2014-09-24,2014,12.0,"[""Uttar Pradesh""]","[""Varanasi"", ""Lucknow"", ""Noida""]",1,3,"[""Women Empowerment"", ""Healthcare & Medical""]",2,3,2026-09-16T10:00:00,False,
NGO_00148,DARPAN_704823,Prerna Mission 148,PRERNA MISSION 148,Tamil Nadu,Salem,Section 8,Ministry of Corporate Affairs (MCA),SEC/425/1995/7530,2014-04-12,2014,11.8,"[""Tamil Nadu"", ""Uttar Pradesh"", ""Kerala""]","[""Salem"", ""Tiruchirappalli"", ""Noida"", ""Lucknow"", ""Thiruvananthapuram""]",3,5,"[""Environment & Forests""]",1,3,2026-09-16T10:00:00,False,
NGO_00149,DARPAN_483894,Manav Samiti 149,MANAV SAMITI 149,Kerala,Thrissur,Section 8,Ministry of Corporate Affairs (MCA),SEC/966/2001/4901,2016-06-02,2016,9.4,"[""Kerala""]","[""Thrissur"", ""Thiruvananthapuram""]",1,2,"[""Water & Sanitation""]",1,2,2026-09-16T10:00:00,False,
NGO_00150,DARPAN_927145,Kavach Association 150,KAVACH ASSOCIATION 150,Kerala,Ernakulam,Section 8,Ministry of Corporate Affairs (MCA),SEC/106/2003/7001,1996-12-06,1996,29.8,"[""Kerala""]","[""Ernakulam"", ""Thiruvananthapuram""]",1,2,"[""Environment & Forests"", ""Disaster Relief & Rehabilitation"", ""Healthcare & Medical""]",3,2,2026-09-16T10:00:00,False,
NGO_00151,DARPAN_951780,Samarpan Society 151,SAMARPAN SOCIETY 151,Uttar Pradesh,Noida,Section 8,Ministry of Corporate Affairs (MCA),SEC/909/1998/9978,2023-01-09,2023,2.1,"[""Uttar Pradesh""]","[""Noida"", ""Prayagraj"", ""Varanasi""]",1,3,"[""Child Welfare"", ""Water & Sanitation""]",2,3,2026-09-16T10:00:00,False,
NGO_00152,DARPAN_867301,Vikas Trust 152,VIKAS TRUST 152,Delhi,Central Delhi,Trust,Sub-Registrar / Charity Commissioner,TRU/987/2024/7719,2014-01-04,2014,11.5,"[""Delhi""]","[""Central Delhi"", ""New Delhi"", ""North Delhi""]",1,3,"[""Healthcare & Medical"", ""Water & Sanitation""]",2,3,2026-09-16T10:00:00,False,
NGO_00153,DARPAN_317285,Asha Sansthan 153,ASHA SANSTHAN 153,Gujarat,Surat,Trust,Sub-Registrar / Charity Commissioner,TRU/560/2020/5524,2020-03-14,2020,5.9,"[""Gujarat""]","[""Surat"", ""Vadodara"", ""Ahmedabad""]",1,3,"[""Skill Development & Livelihood"", ""Education""]",2,3,2026-09-16T10:00:00,False,
NGO_00154,DARPAN_999594,Gramin Seva Sanstha 154,GRAMIN SEVA SANSTHA 154,Tamil Nadu,Coimbatore,Trust,Sub-Registrar / Charity Commissioner,TRU/783/1999/6188,2020-10-20,2020,5.4,"[""Tamil Nadu"", ""Odisha""]","[""Coimbatore"", ""Madurai"", ""Tiruchirappalli"", ""Puri"", ""Sundargarh"", ""Khordha""]",2,6,"[""Water & Sanitation"", ""Environment & Forests""]",2,3,2026-09-16T10:00:00,False,
NGO_00155,DARPAN_273381,Manav Sansthan 155,MANAV SANSTHAN 155,Gujarat,Surat,Society,Registrar of Societies,SOC/843/2020/8817,2020-01-19,2020,5.5,"[""Gujarat""]","[""Surat"", ""Rajkot""]",1,2,"[""Healthcare & Medical""]",1,2,2026-09-16T10:00:00,False,
NGO_00156,DARPAN_549752,Sankalp Foundation 156,SANKALP FOUNDATION 156,Delhi,South Delhi,Society,Registrar of Societies,SOC/128/2021/7587,2003-12-16,2003,22.1,"[""Delhi"", ""Odisha""]","[""South Delhi"", ""New Delhi"", ""North Delhi"", ""Puri"", ""Sundargarh""]",2,5,"[""Healthcare & Medical"", ""Skill Development & Livelihood"", ""Nutrition & Food Security""]",3,3,2026-09-16T10:00:00,False,
NGO_00157,DARPAN_808069,Deepam Society 157,DEEPAM SOCIETY 157,Karnataka,Bengaluru Urban,Trust,Sub-Registrar / Charity Commissioner,TRU/255/2013/3966,1999-07-16,1999,27.0,"[""Karnataka""]","[""Bengaluru Urban"", ""Mangaluru""]",1,2,"[""Child Welfare"", ""Environment & Forests""]",2,2,2026-09-16T10:00:00,False,
NGO_00158,DARPAN_786874,Kalyan Foundation 158,KALYAN FOUNDATION 158,Maharashtra,Raigad,Society,Registrar of Societies,SOC/352/1997/5176,2022-01-13,2022,3.8,"[""Maharashtra"", ""Gujarat""]","[""Raigad"", ""Nagpur"", ""Surat"", ""Rajkot"", ""Ahmedabad""]",2,5,"[""Disaster Relief & Rehabilitation"", ""Rural Development""]",2,3,2026-09-16T10:00:00,False,
NGO_00159,DARPAN_220181,Navjeevan Foundation 159,NAVJEEVAN FOUNDATION 159,Gujarat,Rajkot,Section 8,Ministry of Corporate Affairs (MCA),SEC/495/2002/1183,2012-04-12,2012,13.1,"[""Gujarat""]","[""Rajkot"", ""Surat"", ""Vadodara""]",1,3,"[""Healthcare & Medical""]",1,3,2026-09-16T10:00:00,False,
NGO_00160,DARPAN_182480,Kalyan Foundation 160,KALYAN FOUNDATION 160,Odisha,Sundargarh,Trust,Sub-Registrar / Charity Commissioner,TRU/174/2024/6918,2023-02-15,2023,2.9,"[""Odisha"", ""Karnataka""]","[""Sundargarh"", ""Cuttack"", ""Mysuru"", ""Bengaluru Urban"", ""Belagavi""]",2,5,"[""Environment & Forests"", ""Healthcare & Medical""]",2,3,2026-09-16T10:00:00,False,
NGO_00161,DARPAN_393599,Asha Foundation 161,ASHA FOUNDATION 161,Maharashtra,Nashik,Section 8,Ministry of Corporate Affairs (MCA),SEC/767/2006/3636,2013-04-03,2013,12.1,"[""Maharashtra""]","[""Nashik"", ""Nagpur"", ""Mumbai""]",1,3,"[""Women Empowerment""]",1,3,2026-09-16T10:00:00,False,
NGO_00162,DARPAN_468883,Kalyan Seva Sanstha 162,KALYAN SEVA SANSTHA 162,Kerala,Ernakulam,Section 8,Ministry of Corporate Affairs (MCA),SEC/287/1999/8672,2007-12-12,2007,18.2,"[""Kerala""]","[""Ernakulam"", ""Thrissur""]",1,2,"[""Skill Development & Livelihood"", ""Disaster Relief & Rehabilitation""]",2,2,2026-09-16T10:00:00,False,
NGO_00163,DARPAN_511744,Punarutthan Seva Sanstha 163,PUNARUTTHAN SEVA SANSTHA 163,Delhi,South Delhi,Section 8,Ministry of Corporate Affairs (MCA),SEC/112/2008/2941,2025-01-07,2025,0.7,"[""Delhi""]","[""South Delhi"", ""North Delhi"", ""New Delhi""]",1,3,"[""Skill Development & Livelihood"", ""Environment & Forests""]",2,3,2026-09-16T10:00:00,False,
NGO_00164,DARPAN_549286,Kalyan Foundation 164,KALYAN FOUNDATION 164,Maharashtra,Raigad,Society,Registrar of Societies,SOC/834/2023/8823,2021-04-16,2021,4.3,"[""Maharashtra"", ""Odisha""]","[""Raigad"", ""Nagpur"", ""Sundargarh"", ""Khordha"", ""Puri""]",2,5,"[""Nutrition & Food Security"", ""Disaster Relief & Rehabilitation""]",2,3,2026-09-16T10:00:00,False,
NGO_00165,DARPAN_647622,Shakti Mission 165,SHAKTI MISSION 165,Tamil Nadu,Salem,Society,Registrar of Societies,SOC/679/2001/8106,2025-07-07,2025,0.3,"[""Tamil Nadu""]","[""Salem"", ""Tiruchirappalli"", ""Coimbatore"", ""Madurai""]",1,4,"[""Rural Development"", ""Skill Development & Livelihood""]",2,3,2026-09-16T10:00:00,False,
NGO_00166,DARPAN_389523,Sankalp Association 166,SANKALP ASSOCIATION 166,Tamil Nadu,Salem,Trust,Sub-Registrar / Charity Commissioner,TRU/626/2003/3754,2016-01-02,2016,9.7,"[""Tamil Nadu"", ""Gujarat""]","[""Salem"", ""Surat""]",2,2,"[""Disaster Relief & Rehabilitation""]",1,2,2026-09-16T10:00:00,False,
NGO_00167,DARPAN_305884,Punarutthan Seva Sanstha 167,PUNARUTTHAN SEVA SANSTHA 167,Delhi,Central Delhi,Section 8,Ministry of Corporate Affairs (MCA),SEC/526/2017/1139,2022-03-15,2022,3.8,"[""Delhi""]","[""Central Delhi"", ""New Delhi"", ""North Delhi""]",1,3,"[""Nutrition & Food Security""]",1,3,2026-09-16T10:00:00,False,
NGO_00168,DARPAN_330697,Kavach Samiti 168,KAVACH SAMITI 168,Maharashtra,Thane,Trust,Sub-Registrar / Charity Commissioner,TRU/130/2002/9121,1998-03-05,1998,27.3,"[""Maharashtra""]","[""Thane"", ""Nagpur"", ""Pune""]",1,3,"[""Healthcare & Medical"", ""Rural Development"", ""Child Welfare""]",3,3,2026-09-16T10:00:00,False,
NGO_00169,DARPAN_631917,Uday Foundation 169,UDAY FOUNDATION 169,Rajasthan,Kota,Trust,Sub-Registrar / Charity Commissioner,TRU/150/2024/1746,2017-08-26,2017,8.9,"[""Rajasthan""]","[""Kota"", ""Jaipur""]",1,2,"[""Skill Development & Livelihood"", ""Nutrition & Food Security"", ""Disaster Relief & Rehabilitation""]",3,2,2026-09-16T10:00:00,False,
NGO_00170,DARPAN_475130,Umeed Foundation 170,UMEED FOUNDATION 170,Rajasthan,Jaipur,Trust,Sub-Registrar / Charity Commissioner,TRU/118/2011/3764,2019-01-03,2019,6.6,"[""Rajasthan""]","[""Jaipur"", ""Kota"", ""Jodhpur""]",1,3,"[""Child Welfare"", ""Healthcare & Medical""]",2,3,2026-09-16T10:00:00,False,
NGO_00171,DARPAN_746403,Umeed Mission 171,UMEED MISSION 171,Rajasthan,Jaipur,Trust,Sub-Registrar / Charity Commissioner,TRU/750/2017/3250,2017-06-07,2017,8.8,"[""Rajasthan""]","[""Jaipur"", ""Kota"", ""Jodhpur""]",1,3,"[""Rural Development""]",1,3,2026-09-16T10:00:00,False,
NGO_00172,DARPAN_512596,Uday Initiative 172,UDAY INITIATIVE 172,Odisha,Puri,Trust,Sub-Registrar / Charity Commissioner,TRU/438/2016/8722,2002-07-26,2002,23.3,"[""Odisha"", ""Maharashtra""]","[""Puri"", ""Sundargarh"", ""Pune"", ""Nagpur""]",2,4,"[""Water & Sanitation""]",1,3,2026-09-16T10:00:00,False,
NGO_00173,DARPAN_248891,Goonj Seva Sanstha 173,GOONJ SEVA SANSTHA 173,Odisha,Sundargarh,Society,Registrar of Societies,SOC/355/1998/3843,2022-01-03,2022,3.1,"[""Odisha"", ""Karnataka""]","[""Sundargarh"", ""Khordha"", ""Dharwad""]",2,3,"[""Nutrition & Food Security"", ""Disaster Relief & Rehabilitation"", ""Environment & Forests""]",3,3,2026-09-16T10:00:00,False,
NGO_00174,DARPAN_956114,Prerna Samiti 174,PRERNA SAMITI 174,West Bengal,North 24 Parganas,Society,Registrar of Societies,SOC/553/1996/5992,2015-09-20,2015,10.1,"[""West Bengal""]","[""North 24 Parganas"", ""Howrah""]",1,2,"[""Rural Development"", ""Education""]",2,2,2026-09-16T10:00:00,False,
NGO_00175,DARPAN_217223,Manav Society 175,MANAV SOCIETY 175,Kerala,Ernakulam,Trust,Sub-Registrar / Charity Commissioner,TRU/176/2007/3998,2024-01-10,2024,1.3,"[""Kerala""]","[""Ernakulam"", ""Kozhikode""]",1,2,"[""Environment & Forests""]",1,2,2026-09-16T10:00:00,False,
NGO_00176,DARPAN_269700,Deepam Seva Sanstha 176,DEEPAM SEVA SANSTHA 176,Karnataka,Mangaluru,Section 8,Ministry of Corporate Affairs (MCA),SEC/163/1998/8390,2022-03-27,2022,4.0,"[""Karnataka"", ""Gujarat""]","[""Mangaluru"", ""Rajkot"", ""Vadodara"", ""Ahmedabad""]",2,4,"[""Women Empowerment"", ""Disaster Relief & Rehabilitation""]",2,3,2026-09-16T10:00:00,False,
NGO_00177,DARPAN_123566,Kavach Association 177,KAVACH ASSOCIATION 177,Rajasthan,Jodhpur,Section 8,Ministry of Corporate Affairs (MCA),SEC/521/2022/5989,2025-10-13,2025,0.9,"[""Rajasthan""]","[""Jodhpur"", ""Kota"", ""Udaipur""]",1,3,"[""Skill Development & Livelihood"", ""Education""]",2,3,2026-09-16T10:00:00,False,
NGO_00178,DARPAN_407198,Shakti Initiative 178,SHAKTI INITIATIVE 178,Tamil Nadu,Coimbatore,Society,Registrar of Societies,SOC/423/1995/3730,2015-07-01,2015,10.1,"[""Tamil Nadu""]","[""Coimbatore"", ""Vellore""]",1,2,"[""Nutrition & Food Security""]",1,2,2026-09-16T10:00:00,False,
NGO_00179,DARPAN_364309,Vikas Seva Sanstha 179,VIKAS SEVA SANSTHA 179,Odisha,Khordha,Society,Registrar of Societies,SOC/595/2012/6618,2002-07-27,2002,23.4,"[""Odisha""]","[""Khordha""]",1,1,"[""Nutrition & Food Security"", ""Environment & Forests"", ""Education""]",3,1,2026-09-16T10:00:00,False,
NGO_00180,DARPAN_612051,Sneha Initiative 180,SNEHA INITIATIVE 180,Tamil Nadu,Vellore,Trust,Sub-Registrar / Charity Commissioner,TRU/227/2008/7902,2024-12-07,2024,1.5,"[""Tamil Nadu"", ""Karnataka"", ""Kerala""]","[""Vellore"", ""Tiruchirappalli"", ""Mangaluru"", ""Mysuru"", ""Thiruvananthapuram"", ""Ernakulam"", ""Thrissur""]",3,7,"[""Skill Development & Livelihood""]",1,3,2026-09-16T10:00:00,False,
NGO_00181,DARPAN_973107,Sankalp Society 181,SANKALP SOCIETY 181,Maharashtra,Thane,Trust,Sub-Registrar / Charity Commissioner,TRU/653/2021/9553,2023-11-10,2023,2.8,"[""Maharashtra"", ""West Bengal""]","[""Thane"", ""Raigad"", ""Nashik"", ""North 24 Parganas"", ""Howrah"", ""Kolkata""]",2,6,"[""Skill Development & Livelihood""]",1,3,2026-09-16T10:00:00,False,
NGO_00182,DARPAN_291076,Prerna Foundation 182,PRERNA FOUNDATION 182,Delhi,South Delhi,Society,Registrar of Societies,SOC/969/2002/2342,2015-08-27,2015,11.0,"[""Delhi""]","[""South Delhi"", ""Central Delhi""]",1,2,"[""Environment & Forests"", ""Rural Development""]",2,2,2026-09-16T10:00:00,False,
NGO_00183,DARPAN_956686,Deepam Trust 183,DEEPAM TRUST 183,Tamil Nadu,Chennai,Section 8,Ministry of Corporate Affairs (MCA),SEC/813/2024/6297,2019-09-28,2019,7.0,"[""Tamil Nadu""]","[""Chennai"", ""Salem""]",1,2,"[""Environment & Forests"", ""Women Empowerment"", ""Water & Sanitation""]",3,2,2026-09-16T10:00:00,False,
NGO_00184,DARPAN_539490,Asha Society 184,ASHA SOCIETY 184,Gujarat,Surat,Society,Registrar of Societies,SOC/236/2017/5333,2011-05-03,2011,14.6,"[""Gujarat"", ""Odisha"", ""Tamil Nadu""]","[""Surat"", ""Vadodara"", ""Rajkot"", ""Khordha"", ""Coimbatore"", ""Chennai""]",3,6,"[""Nutrition & Food Security"", ""Disaster Relief & Rehabilitation""]",2,3,2026-09-16T10:00:00,False,
NGO_00185,DARPAN_156406,Vikas Samiti 185,VIKAS SAMITI 185,West Bengal,North 24 Parganas,Trust,Sub-Registrar / Charity Commissioner,TRU/288/2018/3362,2025-03-11,2025,0.8,"[""West Bengal""]","[""North 24 Parganas"", ""Howrah""]",1,2,"[""Water & Sanitation""]",1,2,2026-09-16T10:00:00,False,
NGO_00186,DARPAN_731953,Punarutthan Initiative 186,PUNARUTTHAN INITIATIVE 186,Tamil Nadu,Salem,Trust,Sub-Registrar / Charity Commissioner,TRU/376/2017/6883,2017-07-02,2017,8.5,"[""Tamil Nadu""]","[""Salem"", ""Coimbatore""]",1,2,"[""Healthcare & Medical""]",1,2,2026-09-16T10:00:00,False,
NGO_00187,DARPAN_615551,Vikas Foundation 187,VIKAS FOUNDATION 187,Uttar Pradesh,Kanpur Nagar,Trust,Sub-Registrar / Charity Commissioner,TRU/999/2008/4568,2025-09-17,2025,0.1,"[""Uttar Pradesh"", ""Kerala""]","[""Kanpur Nagar"", ""Varanasi"", ""Lucknow"", ""Thiruvananthapuram"", ""Thrissur"", ""Kozhikode""]",2,6,"[""Environment & Forests""]",1,3,2026-09-16T10:00:00,False,
NGO_00188,DARPAN_668094,Sankalp Association 188,SANKALP ASSOCIATION 188,Gujarat,Ahmedabad,Section 8,Ministry of Corporate Affairs (MCA),SEC/535/2025/5227,2023-01-20,2023,2.1,"[""Gujarat"", ""Delhi""]","[""Ahmedabad"", ""Rajkot"", ""Central Delhi"", ""North Delhi"", ""New Delhi""]",2,5,"[""Water & Sanitation"", ""Skill Development & Livelihood"", ""Environment & Forests""]",3,3,2026-09-16T10:00:00,False,
NGO_00189,DARPAN_440537,Vikas Mission 189,VIKAS MISSION 189,Delhi,South Delhi,Section 8,Ministry of Corporate Affairs (MCA),SEC/297/2021/6104,2021-06-15,2021,4.7,"[""Delhi""]","[""South Delhi"", ""New Delhi"", ""North Delhi""]",1,3,"[""Environment & Forests""]",1,3,2026-09-16T10:00:00,False,
NGO_00190,DARPAN_893627,Samarpan Society 190,SAMARPAN SOCIETY 190,Rajasthan,Jodhpur,Society,Registrar of Societies,SOC/563/1995/9345,2022-07-12,2022,3.2,"[""Rajasthan""]","[""Jodhpur"", ""Kota""]",1,2,"[""Women Empowerment"", ""Nutrition & Food Security"", ""Skill Development & Livelihood""]",3,2,2026-09-16T10:00:00,False,
NGO_00191,DARPAN_886654,Goonj Trust 191,GOONJ TRUST 191,Odisha,Puri,Section 8,Ministry of Corporate Affairs (MCA),SEC/668/2021/1746,2020-11-25,2020,6.0,"[""Odisha"", ""Uttar Pradesh""]","[""Puri"", ""Khordha"", ""Sundargarh"", ""Cuttack"", ""Prayagraj""]",2,5,"[""Nutrition & Food Security""]",1,3,2026-09-16T10:00:00,False,
NGO_00192,DARPAN_874467,Deepam Seva Sanstha 192,DEEPAM SEVA SANSTHA 192,Maharashtra,Mumbai,Society,Registrar of Societies,SOC/978/2009/1767,2025-02-13,2025,0.8,"[""Maharashtra"", ""West Bengal"", ""Kerala"", ""Delhi""]","[""Mumbai"", ""Thane"", ""North 24 Parganas"", ""Kolkata"", ""Howrah"", ""Thiruvananthapuram"", ""Thrissur"", ""Kozhikode"", ""New Delhi"", ""North Delhi""]",4,10,"[""Rural Development"", ""Skill Development & Livelihood""]",2,3,2026-09-16T10:00:00,False,
NGO_00193,DARPAN_338113,Sahyog Foundation 193,SAHYOG FOUNDATION 193,Karnataka,Dharwad,Society,Registrar of Societies,SOC/545/2018/5590,2016-03-02,2016,9.6,"[""Karnataka""]","[""Dharwad"", ""Mysuru"", ""Bengaluru Urban""]",1,3,"[""Child Welfare""]",1,3,2026-09-16T10:00:00,False,
NGO_00194,DARPAN_970456,Uday Mission 194,UDAY MISSION 194,Kerala,Thiruvananthapuram,Society,Registrar of Societies,SOC/209/2022/3693,2025-10-18,2025,0.6,"[""Kerala""]","[""Thiruvananthapuram"", ""Thrissur"", ""Kozhikode""]",1,3,"[""Environment & Forests""]",1,3,2026-09-16T10:00:00,False,
NGO_00195,DARPAN_126500,Seva Mission 195,SEVA MISSION 195,Rajasthan,Jaipur,Trust,Sub-Registrar / Charity Commissioner,TRU/925/2000/7554,2004-01-11,2004,21.7,"[""Rajasthan""]","[""Jaipur"", ""Jodhpur""]",1,2,"[""Education"", ""Environment & Forests""]",2,2,2026-09-16T10:00:00,False,
NGO_00196,DARPAN_492418,Sankalp Network 196,SANKALP NETWORK 196,Tamil Nadu,Chennai,Section 8,Ministry of Corporate Affairs (MCA),SEC/846/2009/6531,2021-11-02,2021,4.3,"[""Tamil Nadu""]","[""Chennai"", ""Tiruchirappalli"", ""Coimbatore"", ""Vellore""]",1,4,"[""Women Empowerment""]",1,3,2026-09-16T10:00:00,False,
NGO_00197,DARPAN_851212,Kalyan Association 197,KALYAN ASSOCIATION 197,Kerala,Kozhikode,Trust,Sub-Registrar / Charity Commissioner,TRU/632/2016/9248,2017-09-17,2017,8.6,"[""Kerala""]","[""Kozhikode"", ""Thrissur""]",1,2,"[""Skill Development & Livelihood""]",1,2,2026-09-16T10:00:00,False,
NGO_00198,DARPAN_328997,Sneha Network 198,SNEHA NETWORK 198,Tamil Nadu,Chennai,Section 8,Ministry of Corporate Affairs (MCA),SEC/433/2009/8586,2023-02-15,2023,2.8,"[""Tamil Nadu""]","[""Chennai"", ""Madurai""]",1,2,"[""Nutrition & Food Security"", ""Disaster Relief & Rehabilitation"", ""Healthcare & Medical""]",3,2,2026-09-16T10:00:00,False,
NGO_00199,DARPAN_918838,Sankalp Samiti 199,SANKALP SAMITI 199,Gujarat,Rajkot,Section 8,Ministry of Corporate Affairs (MCA),SEC/361/2023/1176,2021-09-12,2021,4.5,"[""Gujarat""]","[""Rajkot"", ""Ahmedabad"", ""Surat"", ""Vadodara""]",1,4,"[""Women Empowerment"", ""Nutrition & Food Security""]",2,3,2026-09-16T10:00:00,False,
NGO_00200,DARPAN_445495,Manav Foundation 200,MANAV FOUNDATION 200,Kerala,Thrissur,Trust,Sub-Registrar / Charity Commissioner,TRU/686/2021/4348,2021-12-17,2021,4.4,"[""Kerala"", ""Tamil Nadu"", ""Uttar Pradesh""]","[""Thrissur"", ""Kozhikode"", ""Vellore"", ""Salem"", ""Chennai"", ""Noida"", ""Lucknow"", ""Varanasi""]",3,8,"[""Skill Development & Livelihood"", ""Child Welfare""]",2,3,2026-09-16T10:00:00,False,
